id,indicator_id,measure1_id,measure2_id,unit_id,obs_val,date,periodicity
8110483,37,2,4,1,4.98,2014-03-01T00:00:00,month
8110515,37,2,2,1,3.06,2015-08-01T00:00:00,month
8110516,37,2,1,1,1.71,2015-08-01T00:00:00,month
8110517,37,2,6,1,9.78,2015-08-01T00:00:00,month
8110521,37,2,3,1,9.9,2015-08-01T00:00:00,month
8110522,37,2,11,1,9.52,2015-08-01T00:00:00,month
8110543,37,3,2,1,0.33,2014-03-01T00:00:00,month
8110544,37,3,8,1,2.2,2014-03-01T00:00:00,month
8110545,37,3,6,1,2.8,2014-03-01T00:00:00,month
8110547,37,3,1,1,0.29,2014-03-01T00:00:00,month
8110548,37,3,5,1,1.59,2014-03-01T00:00:00,month
8110552,37,3,11,1,2.89,2014-03-01T00:00:00,month
8110553,37,3,7,1,1.84,2014-03-01T00:00:00,month
8110556,37,2,5,1,5.75,2014-03-01T00:00:00,month
8110557,37,2,7,1,5.09,2014-03-01T00:00:00,month
8110558,37,2,11,1,7.3,2014-03-01T00:00:00,month
8110559,37,2,3,1,4.85,2014-03-01T00:00:00,month
8110608,37,3,10,1,2.45,2018-06-01T00:00:00,month
8110609,37,3,9,1,1.92,2018-06-01T00:00:00,month
8110611,37,3,4,1,0.36,2018-06-01T00:00:00,month
8110612,37,3,3,1,0.84,2018-06-01T00:00:00,month
8110616,37,3,7,1,1.49,2018-06-01T00:00:00,month
8110617,37,3,11,1,1.96,2018-06-01T00:00:00,month
8110621,37,3,5,1,0.52,2018-06-01T00:00:00,month
8110622,37,3,1,1,0.19,2018-06-01T00:00:00,month
8110624,37,3,6,1,1.84,2018-06-01T00:00:00,month
8110625,37,3,8,1,1.54,2018-06-01T00:00:00,month
8110626,37,3,2,1,0.69,2018-06-01T00:00:00,month
8110629,37,3,3,1,0.67,2014-03-01T00:00:00,month
8110630,37,3,4,1,1.29,2014-03-01T00:00:00,month
8110632,37,3,9,1,2.89,2014-03-01T00:00:00,month
8110633,37,3,10,1,2.88,2014-03-01T00:00:00,month
8111026,37,4,4,1,0.69,2015-08-01T00:00:00,month
8111027,37,4,1,1,0.34,2015-08-01T00:00:00,month
8111034,37,4,10,1,1.33,2015-08-01T00:00:00,month
8111035,37,4,9,1,3.04,2015-08-01T00:00:00,month
8111077,37,3,7,1,2.2,2015-08-01T00:00:00,month
8111078,37,3,11,1,3.72,2015-08-01T00:00:00,month
8111150,37,4,8,1,1.7,2014-03-01T00:00:00,month
8111153,37,4,11,1,2.49,2014-03-01T00:00:00,month
8111154,37,4,9,1,2.55,2014-03-01T00:00:00,month
8111155,37,4,10,1,1.92,2014-03-01T00:00:00,month
8111162,37,4,1,1,0.31,2014-03-01T00:00:00,month
8111163,37,4,4,1,0.9,2014-03-01T00:00:00,month
8111164,37,4,2,1,0.37,2014-03-01T00:00:00,month
8111165,37,4,6,1,2.24,2014-03-01T00:00:00,month
8111166,37,4,7,1,1.47,2014-03-01T00:00:00,month
8111167,37,4,3,1,0.77,2014-03-01T00:00:00,month
8111168,37,4,5,1,1.33,2014-03-01T00:00:00,month
8111233,37,3,2,1,1.08,2019-11-01T00:00:00,month
8111234,37,3,8,1,1.06,2019-11-01T00:00:00,month
8111235,37,3,6,1,1.06,2019-11-01T00:00:00,month
8111237,37,3,1,1,0.35,2019-11-01T00:00:00,month
8111238,37,3,5,1,0.91,2019-11-01T00:00:00,month
8111242,37,3,11,1,1.37,2019-11-01T00:00:00,month
8111243,37,3,7,1,1.03,2019-11-01T00:00:00,month
8111247,37,3,3,1,1.39,2019-11-01T00:00:00,month
8111248,37,3,4,1,0.83,2019-11-01T00:00:00,month
8111250,37,3,9,1,1.36,2019-11-01T00:00:00,month
8111251,37,3,10,1,1.49,2019-11-01T00:00:00,month
8111595,37,2,6,1,7.04,2014-03-01T00:00:00,month
8111596,37,2,1,1,1.77,2014-03-01T00:00:00,month
8111597,37,2,2,1,2.3,2014-03-01T00:00:00,month
8111598,37,2,10,1,7.28,2014-03-01T00:00:00,month
8111599,37,2,8,1,5.94,2014-03-01T00:00:00,month
8111602,37,2,9,1,7.3,2014-03-01T00:00:00,month
8111615,37,3,5,1,2.19,2015-08-01T00:00:00,month
8111616,37,3,1,1,0.28,2015-08-01T00:00:00,month
8111618,37,3,6,1,2.98,2015-08-01T00:00:00,month
8111619,37,3,8,1,2.45,2015-08-01T00:00:00,month
8111620,37,3,2,1,0.46,2015-08-01T00:00:00,month
8111749,37,4,11,1,2.98,2015-08-01T00:00:00,month
8111752,37,4,8,1,1.89,2015-08-01T00:00:00,month
8111860,37,2,9,1,6.02,2018-06-01T00:00:00,month
8111863,37,2,1,1,3.03,2018-06-01T00:00:00,month
8111864,37,2,8,1,5.46,2018-06-01T00:00:00,month
8111865,37,2,10,1,4.85,2018-06-01T00:00:00,month
8111977,37,2,4,1,4.22,2019-11-01T00:00:00,month
8111979,37,2,5,1,5.02,2019-11-01T00:00:00,month
8111980,37,2,7,1,4.9,2019-11-01T00:00:00,month
8111981,37,2,11,1,6.16,2019-11-01T00:00:00,month
8111982,37,2,3,1,4.21,2019-11-01T00:00:00,month
8111986,37,2,6,1,5.42,2019-11-01T00:00:00,month
8111987,37,2,2,1,3.95,2019-11-01T00:00:00,month
8111988,37,2,10,1,6.13,2019-11-01T00:00:00,month
8111989,37,2,8,1,4.99,2019-11-01T00:00:00,month
8111990,37,2,1,1,3.73,2019-11-01T00:00:00,month
8111993,37,2,9,1,6.16,2019-11-01T00:00:00,month
8112125,37,2,7,1,8.74,2015-08-01T00:00:00,month
8112126,37,2,5,1,9.36,2015-08-01T00:00:00,month
8112128,37,2,4,1,7.92,2015-08-01T00:00:00,month
8115788,37,2,4,1,8.9,2023-09-01T00:00:00,month
8115838,37,2,11,1,8.36,2023-09-01T00:00:00,month
8115839,37,2,3,1,5.72,2023-09-01T00:00:00,month
8115841,37,2,7,1,8.58,2023-09-01T00:00:00,month
8115843,37,2,5,1,9.03,2023-09-01T00:00:00,month
8115844,37,2,1,1,3.75,2023-09-01T00:00:00,month
8115845,37,2,6,1,7.65,2023-09-01T00:00:00,month
8115846,37,2,10,1,8.13,2023-09-01T00:00:00,month
8115847,37,2,2,1,4.55,2023-09-01T00:00:00,month
8115849,37,2,8,1,8.64,2023-09-01T00:00:00,month
8115852,37,2,9,1,8.38,2023-09-01T00:00:00,month
8116214,37,2,9,1,7.83,2017-02-01T00:00:00,month
8116217,37,2,1,1,3.11,2017-02-01T00:00:00,month
8116218,37,2,8,1,6.77,2017-02-01T00:00:00,month
8116219,37,2,10,1,8.25,2017-02-01T00:00:00,month
8116220,37,2,2,1,3.88,2017-02-01T00:00:00,month
8116221,37,2,6,1,6.96,2017-02-01T00:00:00,month
8116225,37,2,3,1,7.14,2017-02-01T00:00:00,month
8116226,37,2,11,1,7.84,2017-02-01T00:00:00,month
8116945,37,4,8,1,5.04,2015-03-01T00:00:00,month
8116948,37,4,11,1,4.31,2015-03-01T00:00:00,month
8116949,37,4,9,1,4.36,2015-03-01T00:00:00,month
8116950,37,4,10,1,3.35,2015-03-01T00:00:00,month
8117023,37,3,7,1,1.33,2023-09-01T00:00:00,month
8117026,37,3,11,1,1.25,2023-09-01T00:00:00,month
8117027,37,3,4,1,2.36,2023-09-01T00:00:00,month
8117028,37,3,9,1,1.25,2023-09-01T00:00:00,month
8117030,37,3,3,1,1.03,2023-09-01T00:00:00,month
8117031,37,3,10,1,,2023-09-01T00:00:00,month
8117451,37,4,8,1,1.37,2022-12-01T00:00:00,month
8117454,37,4,11,1,0.91,2022-12-01T00:00:00,month
8117455,37,4,9,1,0.91,2022-12-01T00:00:00,month
8117456,37,4,10,1,,2022-12-01T00:00:00,month
8117463,37,4,4,1,,2022-12-01T00:00:00,month
8117464,37,4,2,1,0.02,2022-12-01T00:00:00,month
8117465,37,4,3,1,,2022-12-01T00:00:00,month
8117466,37,4,7,1,1.08,2022-12-01T00:00:00,month
8117489,37,4,8,1,2.08,2023-09-01T00:00:00,month
8117491,37,4,9,1,1.38,2023-09-01T00:00:00,month
8117492,37,4,10,1,,2023-09-01T00:00:00,month
8117538,37,4,1,1,1.04,2015-03-01T00:00:00,month
8117539,37,4,4,1,2.39,2015-03-01T00:00:00,month
8117540,37,4,2,1,1.15,2015-03-01T00:00:00,month
8117541,37,4,6,1,5.54,2015-03-01T00:00:00,month
8117542,37,4,7,1,4.83,2015-03-01T00:00:00,month
8117543,37,4,3,1,1.58,2015-03-01T00:00:00,month
8117544,37,4,5,1,4.41,2015-03-01T00:00:00,month
8117568,37,4,11,1,1.38,2023-09-01T00:00:00,month
8117572,37,4,4,1,1.67,2023-09-01T00:00:00,month
8117573,37,4,2,1,0.01,2023-09-01T00:00:00,month
8117608,37,4,6,1,0.22,2022-12-01T00:00:00,month
8117609,37,4,5,1,1.41,2022-12-01T00:00:00,month
8117610,37,4,1,1,0.02,2022-12-01T00:00:00,month
8117685,37,2,7,1,6.5,2017-02-01T00:00:00,month
8117686,37,2,5,1,6.93,2017-02-01T00:00:00,month
8117688,37,2,4,1,5.84,2017-02-01T00:00:00,month
8117748,37,4,3,1,,2023-09-01T00:00:00,month
8117749,37,4,7,1,1.81,2023-09-01T00:00:00,month
8117751,37,4,6,1,2.44,2023-09-01T00:00:00,month
8117752,37,4,5,1,1.12,2023-09-01T00:00:00,month
8117754,37,4,1,1,0.01,2023-09-01T00:00:00,month
8117860,37,4,5,1,0.8,2023-07-01T00:00:00,month
8117862,37,4,1,1,0.01,2023-07-01T00:00:00,month
8117864,37,4,6,1,0.75,2023-07-01T00:00:00,month
8117865,37,4,7,1,0.76,2023-07-01T00:00:00,month
8117866,37,4,3,1,,2023-07-01T00:00:00,month
8117867,37,4,2,1,0.01,2023-07-01T00:00:00,month
8117868,37,4,4,1,1.9,2023-07-01T00:00:00,month
8117872,37,4,11,1,1.36,2023-07-01T00:00:00,month
8117875,37,4,10,1,,2023-07-01T00:00:00,month
8117876,37,4,9,1,1.36,2023-07-01T00:00:00,month
8117878,37,4,8,1,0.78,2023-07-01T00:00:00,month
8117968,37,3,2,1,1.24,2015-03-01T00:00:00,month
8117969,37,3,8,1,5.47,2015-03-01T00:00:00,month
8117970,37,3,6,1,5.95,2015-03-01T00:00:00,month
8117972,37,3,1,1,1.13,2015-03-01T00:00:00,month
8117973,37,3,5,1,5.35,2015-03-01T00:00:00,month
8117977,37,3,11,1,5.35,2015-03-01T00:00:00,month
8117978,37,3,7,1,5.2,2015-03-01T00:00:00,month
8117982,37,3,3,1,1.72,2015-03-01T00:00:00,month
8117983,37,3,4,1,3.03,2015-03-01T00:00:00,month
8118088,37,2,4,1,11.52,2015-03-01T00:00:00,month
8118090,37,2,5,1,12.57,2015-03-01T00:00:00,month
8118091,37,2,7,1,11.22,2015-03-01T00:00:00,month
8118092,37,2,11,1,11.46,2015-03-01T00:00:00,month
8118093,37,2,3,1,13.09,2015-03-01T00:00:00,month
8118097,37,2,6,1,11.46,2015-03-01T00:00:00,month
8118098,37,2,1,1,3.91,2015-03-01T00:00:00,month
8118099,37,2,2,1,4.86,2015-03-01T00:00:00,month
8118100,37,2,10,1,9.79,2015-03-01T00:00:00,month
8118101,37,2,8,1,11.79,2015-03-01T00:00:00,month
8110719,37,3,10,1,1.95,2019-08-01T00:00:00,month
8110720,37,3,9,1,2.04,2019-08-01T00:00:00,month
8110722,37,3,4,1,0.94,2019-08-01T00:00:00,month
8110723,37,3,3,1,0.88,2019-08-01T00:00:00,month
8110727,37,3,7,1,1.39,2019-08-01T00:00:00,month
8110728,37,3,11,1,2.04,2019-08-01T00:00:00,month
8110732,37,3,5,1,1.4,2019-08-01T00:00:00,month
8110733,37,3,1,1,0.38,2019-08-01T00:00:00,month
8110735,37,3,6,1,1.58,2019-08-01T00:00:00,month
8110736,37,3,8,1,1.44,2019-08-01T00:00:00,month
8110771,37,3,2,1,0.68,2019-08-01T00:00:00,month
8111001,37,4,10,1,0.77,2016-10-01T00:00:00,month
8111002,37,4,9,1,0.63,2016-10-01T00:00:00,month
8111003,37,4,11,1,0.63,2016-10-01T00:00:00,month
8111006,37,4,8,1,0.58,2016-10-01T00:00:00,month
8111040,37,2,9,1,6.69,2019-08-01T00:00:00,month
8111043,37,2,8,1,5.41,2019-08-01T00:00:00,month
8111044,37,2,10,1,6.57,2019-08-01T00:00:00,month
8111045,37,2,2,1,4.35,2019-08-01T00:00:00,month
8111046,37,2,6,1,5.71,2019-08-01T00:00:00,month
8111047,37,2,1,1,4.03,2019-08-01T00:00:00,month
8111051,37,2,3,1,4.61,2019-08-01T00:00:00,month
8111052,37,2,11,1,6.69,2019-08-01T00:00:00,month
8111053,37,2,7,1,5.33,2019-08-01T00:00:00,month
8111054,37,2,5,1,5.5,2019-08-01T00:00:00,month
8111056,37,2,4,1,4.89,2019-08-01T00:00:00,month
8111220,37,3,10,1,1.86,2019-10-01T00:00:00,month
8111221,37,3,3,1,0.98,2019-10-01T00:00:00,month
8111223,37,3,9,1,1.4,2019-10-01T00:00:00,month
8111224,37,3,4,1,0.93,2019-10-01T00:00:00,month
8111225,37,3,11,1,1.42,2019-10-01T00:00:00,month
8111228,37,3,7,1,1.01,2019-10-01T00:00:00,month
8111232,37,3,5,1,0.92,2019-10-01T00:00:00,month
8111267,37,3,1,1,0.39,2019-10-01T00:00:00,month
8111269,37,3,6,1,1.11,2019-10-01T00:00:00,month
8111270,37,3,8,1,1.04,2019-10-01T00:00:00,month
8111271,37,3,2,1,0.83,2019-10-01T00:00:00,month
8111512,37,4,4,1,0.39,2016-10-01T00:00:00,month
8111513,37,4,1,1,0.13,2016-10-01T00:00:00,month
8111621,37,3,2,1,1.17,2015-09-01T00:00:00,month
8111622,37,3,8,1,2.09,2015-09-01T00:00:00,month
8111623,37,3,6,1,2.64,2015-09-01T00:00:00,month
8111625,37,3,1,1,1.15,2015-09-01T00:00:00,month
8111626,37,3,5,1,1.78,2015-09-01T00:00:00,month
8111630,37,3,11,1,3.31,2015-09-01T00:00:00,month
8111717,37,3,11,1,0.88,2022-08-01T00:00:00,month
8111718,37,3,4,1,0.45,2022-08-01T00:00:00,month
8111720,37,3,9,1,1.27,2022-08-01T00:00:00,month
8111722,37,3,3,1,1.75,2022-08-01T00:00:00,month
8111723,37,3,10,1,0.44,2022-08-01T00:00:00,month
8111753,37,4,8,1,1.57,2015-09-01T00:00:00,month
8111756,37,4,11,1,2.52,2015-09-01T00:00:00,month
8111757,37,4,9,1,2.56,2015-09-01T00:00:00,month
8111758,37,4,10,1,1.28,2015-09-01T00:00:00,month
8111765,37,4,1,1,0.41,2015-09-01T00:00:00,month
8111766,37,4,4,1,0.54,2015-09-01T00:00:00,month
8111767,37,4,2,1,0.5,2015-09-01T00:00:00,month
8111768,37,4,6,1,1.97,2015-09-01T00:00:00,month
8111769,37,4,7,1,1.42,2015-09-01T00:00:00,month
8111770,37,4,3,1,1.23,2015-09-01T00:00:00,month
8111771,37,4,5,1,1.35,2015-09-01T00:00:00,month
8111928,37,2,9,1,6.28,2019-10-01T00:00:00,month
8111931,37,2,8,1,5.11,2019-10-01T00:00:00,month
8111933,37,2,2,1,4.07,2019-10-01T00:00:00,month
8111934,37,2,10,1,6.25,2019-10-01T00:00:00,month
8111935,37,2,6,1,5.49,2019-10-01T00:00:00,month
8111936,37,2,1,1,3.75,2019-10-01T00:00:00,month
8111937,37,2,5,1,5.18,2019-10-01T00:00:00,month
8111939,37,2,7,1,5.03,2019-10-01T00:00:00,month
8112133,37,2,4,1,7.67,2015-09-01T00:00:00,month
8112135,37,2,5,1,9.05,2015-09-01T00:00:00,month
8112136,37,2,7,1,8.44,2015-09-01T00:00:00,month
8112137,37,2,11,1,9.25,2015-09-01T00:00:00,month
8112155,37,2,3,1,4.29,2019-10-01T00:00:00,month
8112156,37,2,11,1,6.28,2019-10-01T00:00:00,month
8112158,37,2,4,1,4.58,2019-10-01T00:00:00,month
8112424,37,2,3,1,9.31,2015-09-01T00:00:00,month
8112428,37,2,6,1,9.62,2015-09-01T00:00:00,month
8112429,37,2,2,1,3.07,2015-09-01T00:00:00,month
8112646,37,2,10,1,7.7,2015-09-01T00:00:00,month
8112647,37,2,8,1,8.96,2015-09-01T00:00:00,month
8112648,37,2,1,1,2.01,2015-09-01T00:00:00,month
8112651,37,2,9,1,9.31,2015-09-01T00:00:00,month
8112954,37,3,7,1,1.98,2015-09-01T00:00:00,month
8112958,37,3,3,1,1.25,2015-09-01T00:00:00,month
8112959,37,3,4,1,0.84,2015-09-01T00:00:00,month
8112961,37,3,9,1,3.35,2015-09-01T00:00:00,month
8112962,37,3,10,1,1.81,2015-09-01T00:00:00,month
8113282,37,4,11,1,0.59,2019-10-01T00:00:00,month
8113285,37,4,8,1,0.25,2019-10-01T00:00:00,month
8113334,37,3,2,1,0.02,2022-08-01T00:00:00,month
8115752,37,3,5,1,0.8,2024-11-01T00:00:00,month
8115754,37,3,6,1,2.84,2024-11-01T00:00:00,month
8115945,37,4,5,1,0.97,2015-12-01T00:00:00,month
8115971,37,3,2,1,0.01,2024-02-01T00:00:00,month
8115972,37,3,8,1,1.97,2024-02-01T00:00:00,month
8115973,37,3,1,1,0.01,2024-02-01T00:00:00,month
8115974,37,3,6,1,1.98,2024-02-01T00:00:00,month
8115978,37,3,7,1,1.96,2024-02-01T00:00:00,month
8115979,37,3,5,1,1.97,2024-02-01T00:00:00,month
8115982,37,3,11,1,2.55,2024-02-01T00:00:00,month
8115983,37,3,4,1,1.93,2024-02-01T00:00:00,month
8115986,37,3,9,1,2.55,2024-02-01T00:00:00,month
8116046,37,4,8,1,0.17,2021-08-01T00:00:00,month
8116049,37,4,11,1,0.4,2021-08-01T00:00:00,month
8116050,37,4,9,1,0.41,2021-08-01T00:00:00,month
8116051,37,4,10,1,0.35,2021-08-01T00:00:00,month
8116058,37,4,4,1,0.14,2021-08-01T00:00:00,month
8116059,37,4,2,1,0.01,2021-08-01T00:00:00,month
8116060,37,4,3,1,,2021-08-01T00:00:00,month
8116061,37,4,7,1,0.05,2021-08-01T00:00:00,month
8116062,37,4,6,1,0.17,2021-08-01T00:00:00,month
8116063,37,4,5,1,0.1,2021-08-01T00:00:00,month
8116064,37,4,1,1,0.01,2021-08-01T00:00:00,month
8116074,37,2,4,1,12.92,2024-02-01T00:00:00,month
8116076,37,2,11,1,12.19,2024-02-01T00:00:00,month
8116077,37,2,3,1,13.46,2024-02-01T00:00:00,month
8116079,37,2,7,1,14.32,2024-02-01T00:00:00,month
8116081,37,2,6,1,14.89,2024-02-01T00:00:00,month
8116082,37,2,5,1,14.23,2024-02-01T00:00:00,month
8116083,37,2,10,1,11.23,2024-02-01T00:00:00,month
8116084,37,2,8,1,14.49,2024-02-01T00:00:00,month
8116086,37,2,2,1,9.08,2024-02-01T00:00:00,month
8116087,37,2,1,1,6.52,2024-02-01T00:00:00,month
8116090,37,2,9,1,12.28,2024-02-01T00:00:00,month
8116104,37,2,5,1,18.69,2024-11-01T00:00:00,month
8116106,37,2,7,1,18.78,2024-11-01T00:00:00,month
8116108,37,2,3,1,18.52,2024-11-01T00:00:00,month
8116109,37,2,11,1,18.68,2024-11-01T00:00:00,month
8116954,37,3,2,1,0.46,2016-09-01T00:00:00,month
8116955,37,3,8,1,0.95,2016-09-01T00:00:00,month
8116956,37,3,6,1,1.21,2016-09-01T00:00:00,month
8116958,37,3,1,1,0.45,2016-09-01T00:00:00,month
8116959,37,3,5,1,0.58,2016-09-01T00:00:00,month
8116963,37,3,11,1,1.81,2016-09-01T00:00:00,month
8117401,37,2,4,1,6.16,2016-09-01T00:00:00,month
8117403,37,2,11,1,8.1,2016-09-01T00:00:00,month
8117404,37,2,3,1,7.66,2016-09-01T00:00:00,month
8117408,37,2,5,1,7.03,2016-09-01T00:00:00,month
8117409,37,2,7,1,6.77,2016-09-01T00:00:00,month
8117410,37,2,1,1,2.36,2016-09-01T00:00:00,month
8117411,37,2,6,1,7.42,2016-09-01T00:00:00,month
8117412,37,2,10,1,8.12,2016-09-01T00:00:00,month
8117413,37,2,8,1,7.05,2016-09-01T00:00:00,month
8117416,37,2,9,1,8.1,2016-09-01T00:00:00,month
8117417,37,2,2,1,3.37,2016-09-01T00:00:00,month
8117560,37,4,8,1,0.7,2016-09-01T00:00:00,month
8117563,37,4,11,1,0.74,2016-09-01T00:00:00,month
8117564,37,4,9,1,0.69,2016-09-01T00:00:00,month
8117565,37,4,10,1,1.24,2016-09-01T00:00:00,month
8117646,37,4,1,1,0.11,2016-09-01T00:00:00,month
8117946,37,3,7,1,0.89,2016-09-01T00:00:00,month
8117949,37,3,3,1,0.48,2016-09-01T00:00:00,month
8117950,37,3,4,1,0.36,2016-09-01T00:00:00,month
8117951,37,3,9,1,1.8,2016-09-01T00:00:00,month
8117952,37,3,10,1,1.96,2016-09-01T00:00:00,month
8118234,37,4,8,1,2.79,2024-02-01T00:00:00,month
8118236,37,4,9,1,1.53,2024-02-01T00:00:00,month
8118237,37,4,10,1,,2024-02-01T00:00:00,month
8118289,37,4,1,1,0.01,2024-11-01T00:00:00,month
8118291,37,4,5,1,1.56,2024-11-01T00:00:00,month
8118364,37,4,6,1,1.34,2024-11-01T00:00:00,month
8118366,37,4,7,1,1.31,2024-11-01T00:00:00,month
8118367,37,4,3,1,,2024-11-01T00:00:00,month
8118368,37,4,2,1,0.01,2024-11-01T00:00:00,month
8118369,37,4,4,1,,2024-11-01T00:00:00,month
8118373,37,4,11,1,1.47,2024-11-01T00:00:00,month
8118376,37,4,10,1,,2024-11-01T00:00:00,month
8118377,37,4,9,1,1.47,2024-11-01T00:00:00,month
8118379,37,4,8,1,1.36,2024-11-01T00:00:00,month
8118381,37,4,11,1,1.53,2024-02-01T00:00:00,month
8118385,37,4,4,1,,2024-02-01T00:00:00,month
8118386,37,4,2,1,0.01,2024-02-01T00:00:00,month
8118387,37,4,3,1,,2024-02-01T00:00:00,month
8118388,37,4,7,1,2.78,2024-02-01T00:00:00,month
8118389,37,4,6,1,2.93,2024-02-01T00:00:00,month
8118391,37,4,1,1,0.01,2024-02-01T00:00:00,month
8118393,37,4,5,1,1.12,2024-02-01T00:00:00,month
8118803,37,4,4,1,0.35,2016-09-01T00:00:00,month
8118853,37,2,9,1,8.94,2015-12-01T00:00:00,month
8118896,37,4,2,1,0.31,2016-09-01T00:00:00,month
8118897,37,4,6,1,0.89,2016-09-01T00:00:00,month
8110467,37,2,2,1,2.24,2014-11-01T00:00:00,month
8110468,37,2,9,1,8.2,2014-11-01T00:00:00,month
8110471,37,2,8,1,6.5,2014-11-01T00:00:00,month
8110472,37,2,10,1,7.42,2014-11-01T00:00:00,month
8110473,37,2,6,1,7.82,2014-11-01T00:00:00,month
8110474,37,2,1,1,1.94,2014-11-01T00:00:00,month
8110475,37,2,7,1,5.95,2014-11-01T00:00:00,month
8110476,37,2,5,1,6.06,2014-11-01T00:00:00,month
8110480,37,2,3,1,6.41,2014-11-01T00:00:00,month
8110532,37,2,4,1,4.97,2017-10-01T00:00:00,month
8110688,37,3,2,1,0.32,2017-10-01T00:00:00,month
8110689,37,3,8,1,0.73,2017-10-01T00:00:00,month
8110690,37,3,6,1,1.01,2017-10-01T00:00:00,month
8110692,37,3,1,1,0.13,2017-10-01T00:00:00,month
8110693,37,3,5,1,0.42,2017-10-01T00:00:00,month
8110773,37,2,5,1,5.16,2017-10-01T00:00:00,month
8110774,37,2,7,1,5.31,2017-10-01T00:00:00,month
8110775,37,2,11,1,6.78,2017-10-01T00:00:00,month
8110862,37,3,10,1,1.11,2020-07-01T00:00:00,month
8110863,37,3,9,1,0.7,2020-07-01T00:00:00,month
8110865,37,3,4,1,0.63,2020-07-01T00:00:00,month
8110866,37,3,3,1,0.71,2020-07-01T00:00:00,month
8110870,37,3,7,1,0.45,2020-07-01T00:00:00,month
8110871,37,3,11,1,0.72,2020-07-01T00:00:00,month
8110875,37,3,5,1,0.4,2020-07-01T00:00:00,month
8110878,37,3,11,1,2.28,2016-04-01T00:00:00,month
8110882,37,3,5,1,0.94,2016-04-01T00:00:00,month
8110883,37,3,1,1,0.58,2016-04-01T00:00:00,month
8110885,37,3,8,1,1.63,2016-04-01T00:00:00,month
8110886,37,3,6,1,1.76,2016-04-01T00:00:00,month
8110887,37,3,2,1,0.57,2016-04-01T00:00:00,month
8111373,37,3,1,1,0.17,2020-07-01T00:00:00,month
8111375,37,3,6,1,0.48,2020-07-01T00:00:00,month
8111376,37,3,8,1,0.48,2020-07-01T00:00:00,month
8111377,37,3,2,1,0.2,2020-07-01T00:00:00,month
8111564,37,4,1,1,0.05,2017-10-01T00:00:00,month
8111565,37,4,4,1,0.32,2017-10-01T00:00:00,month
8111566,37,4,2,1,0.05,2017-10-01T00:00:00,month
8111567,37,4,6,1,0.44,2017-10-01T00:00:00,month
8111568,37,4,7,1,0.24,2017-10-01T00:00:00,month
8111569,37,4,3,1,0.14,2017-10-01T00:00:00,month
8111570,37,4,5,1,0.42,2017-10-01T00:00:00,month
8111668,37,3,10,1,3.72,2014-11-01T00:00:00,month
8111745,37,3,9,1,3.56,2014-11-01T00:00:00,month
8111746,37,3,4,1,0.99,2014-11-01T00:00:00,month
8111747,37,3,3,1,1.19,2014-11-01T00:00:00,month
8111790,37,3,10,1,0.87,2021-09-01T00:00:00,month
8111940,37,2,7,1,3.9,2020-07-01T00:00:00,month
8111941,37,2,5,1,4.08,2020-07-01T00:00:00,month
8111943,37,2,4,1,3.41,2020-07-01T00:00:00,month
8112098,37,4,5,1,1.59,2014-11-01T00:00:00,month
8112099,37,4,3,1,1.24,2014-11-01T00:00:00,month
8112100,37,4,7,1,1.73,2014-11-01T00:00:00,month
8112101,37,4,6,1,2.64,2014-11-01T00:00:00,month
8112102,37,4,2,1,0.46,2014-11-01T00:00:00,month
8112103,37,4,4,1,0.89,2014-11-01T00:00:00,month
8112104,37,4,1,1,0.4,2014-11-01T00:00:00,month
8112111,37,4,10,1,3.02,2014-11-01T00:00:00,month
8112165,37,3,7,1,1.95,2014-11-01T00:00:00,month
8112167,37,3,11,1,3.58,2014-11-01T00:00:00,month
8112171,37,3,5,1,1.78,2014-11-01T00:00:00,month
8112239,37,3,8,1,0.41,2021-09-01T00:00:00,month
8112240,37,3,2,1,0.4,2021-09-01T00:00:00,month
8112704,37,2,11,1,8.15,2014-11-01T00:00:00,month
8112706,37,2,4,1,5.26,2014-11-01T00:00:00,month
8112753,37,4,5,1,0.61,2016-04-01T00:00:00,month
8112754,37,4,7,1,0.9,2016-04-01T00:00:00,month
8112755,37,4,6,1,1.0,2016-04-01T00:00:00,month
8112756,37,4,2,1,0.24,2016-04-01T00:00:00,month
8112757,37,4,1,1,0.24,2016-04-01T00:00:00,month
8112759,37,4,4,1,0.25,2016-04-01T00:00:00,month
8112909,37,4,3,1,0.29,2016-04-01T00:00:00,month
8112914,37,4,10,1,1.11,2016-04-01T00:00:00,month
8112916,37,4,9,1,1.48,2016-04-01T00:00:00,month
8112917,37,4,11,1,1.47,2016-04-01T00:00:00,month
8112920,37,4,8,1,0.93,2016-04-01T00:00:00,month
8113033,37,2,3,1,6.1,2017-10-01T00:00:00,month
8113065,37,3,1,1,0.49,2014-11-01T00:00:00,month
8113067,37,3,6,1,2.99,2014-11-01T00:00:00,month
8113068,37,3,8,1,2.23,2014-11-01T00:00:00,month
8113069,37,3,2,1,0.55,2014-11-01T00:00:00,month
8113123,37,3,10,1,1.82,2016-04-01T00:00:00,month
8113124,37,3,3,1,0.57,2016-04-01T00:00:00,month
8113126,37,3,9,1,2.29,2016-04-01T00:00:00,month
8113127,37,3,4,1,0.44,2016-04-01T00:00:00,month
8113129,37,3,7,1,1.59,2016-04-01T00:00:00,month
8113249,37,4,8,1,0.25,2020-07-01T00:00:00,month
8113829,37,2,9,1,5.78,2021-09-01T00:00:00,month
8113832,37,2,1,1,3.7,2021-09-01T00:00:00,month
8113833,37,2,2,1,3.49,2021-09-01T00:00:00,month
8113835,37,2,8,1,3.87,2021-09-01T00:00:00,month
8110433,37,2,9,1,7.85,2014-06-01T00:00:00,month
8110436,37,2,8,1,6.06,2014-06-01T00:00:00,month
8110437,37,2,10,1,6.95,2014-06-01T00:00:00,month
8110438,37,2,2,1,1.41,2014-06-01T00:00:00,month
8110439,37,2,6,1,7.19,2014-06-01T00:00:00,month
8110440,37,2,1,1,1.1,2014-06-01T00:00:00,month
8110444,37,2,3,1,5.48,2014-06-01T00:00:00,month
8110445,37,2,11,1,7.78,2014-06-01T00:00:00,month
8110446,37,2,7,1,5.19,2014-06-01T00:00:00,month
8110447,37,2,5,1,5.79,2014-06-01T00:00:00,month
8110523,37,2,11,1,7.16,2017-04-01T00:00:00,month
8110524,37,2,7,1,5.91,2017-04-01T00:00:00,month
8110525,37,2,5,1,6.43,2017-04-01T00:00:00,month
8110527,37,2,4,1,4.09,2017-04-01T00:00:00,month
8110536,37,3,7,1,1.78,2014-06-01T00:00:00,month
8110537,37,3,11,1,2.91,2014-06-01T00:00:00,month
8110541,37,3,5,1,1.71,2014-06-01T00:00:00,month
8110542,37,3,1,1,0.3,2014-06-01T00:00:00,month
8110682,37,3,5,1,0.45,2017-04-01T00:00:00,month
8110683,37,3,1,1,0.33,2017-04-01T00:00:00,month
8110685,37,3,6,1,1.03,2017-04-01T00:00:00,month
8110686,37,3,8,1,0.85,2017-04-01T00:00:00,month
8110687,37,3,2,1,0.41,2017-04-01T00:00:00,month
8111135,37,4,5,1,1.38,2014-06-01T00:00:00,month
8111136,37,4,3,1,1.18,2014-06-01T00:00:00,month
8111137,37,4,7,1,1.47,2014-06-01T00:00:00,month
8111138,37,4,6,1,2.29,2014-06-01T00:00:00,month
8111139,37,4,2,1,0.54,2014-06-01T00:00:00,month
8111140,37,4,4,1,0.86,2014-06-01T00:00:00,month
8111141,37,4,1,1,0.49,2014-06-01T00:00:00,month
8111148,37,4,10,1,1.89,2014-06-01T00:00:00,month
8111149,37,4,9,1,2.81,2014-06-01T00:00:00,month
8112331,37,2,6,1,14.27,2026-03-01T00:00:00,month
8112332,37,2,1,1,6.72,2026-03-01T00:00:00,month
8112333,37,2,5,1,14.48,2026-03-01T00:00:00,month
8112335,37,2,7,1,14.14,2026-03-01T00:00:00,month
8112337,37,2,3,1,13.37,2026-03-01T00:00:00,month
8112338,37,2,11,1,11.03,2026-03-01T00:00:00,month
8112340,37,2,4,1,14.18,2026-03-01T00:00:00,month
8112443,37,3,5,1,1.22,2026-03-01T00:00:00,month
8112446,37,3,6,1,0.67,2026-03-01T00:00:00,month
8112447,37,3,1,1,0.01,2026-03-01T00:00:00,month
8112448,37,3,8,1,0.93,2026-03-01T00:00:00,month
8112449,37,3,2,1,0.01,2026-03-01T00:00:00,month
8112522,37,2,4,1,5.1,2014-06-01T00:00:00,month
8112600,37,3,10,1,,2026-03-01T00:00:00,month
8112601,37,3,3,1,,2026-03-01T00:00:00,month
8112603,37,3,9,1,1.58,2026-03-01T00:00:00,month
8112605,37,3,4,1,2.32,2026-03-01T00:00:00,month
8112606,37,3,11,1,1.58,2026-03-01T00:00:00,month
8112607,37,3,7,1,0.93,2026-03-01T00:00:00,month
8112765,37,4,5,1,0.37,2017-04-01T00:00:00,month
8112766,37,4,3,1,0.12,2017-04-01T00:00:00,month
8112767,37,4,7,1,0.31,2017-04-01T00:00:00,month
8112768,37,4,6,1,0.49,2017-04-01T00:00:00,month
8112769,37,4,2,1,0.06,2017-04-01T00:00:00,month
8112770,37,4,4,1,0.24,2017-04-01T00:00:00,month
8112771,37,4,1,1,0.05,2017-04-01T00:00:00,month
8112778,37,4,10,1,0.75,2017-04-01T00:00:00,month
8112814,37,3,6,1,2.74,2014-06-01T00:00:00,month
8112815,37,3,8,1,1.99,2014-06-01T00:00:00,month
8112816,37,3,2,1,0.41,2014-06-01T00:00:00,month
8112836,37,4,11,1,2.72,2014-06-01T00:00:00,month
8112839,37,4,8,1,1.64,2014-06-01T00:00:00,month
8113491,37,3,5,1,1.03,2025-10-01T00:00:00,month
8113493,37,3,6,1,1.04,2025-10-01T00:00:00,month
8113494,37,3,1,1,0.01,2025-10-01T00:00:00,month
8113495,37,3,8,1,1.33,2025-10-01T00:00:00,month
8113496,37,3,2,1,0.01,2025-10-01T00:00:00,month
8113548,37,4,1,1,0.01,2026-03-01T00:00:00,month
8113549,37,4,6,1,1.1,2026-03-01T00:00:00,month
8113550,37,4,5,1,1.72,2026-03-01T00:00:00,month
8113551,37,4,7,1,1.1,2026-03-01T00:00:00,month
8113552,37,4,3,1,,2026-03-01T00:00:00,month
8113553,37,4,2,1,0.01,2026-03-01T00:00:00,month
8113556,37,4,4,1,,2026-03-01T00:00:00,month
8113561,37,4,11,1,1.08,2026-03-01T00:00:00,month
8113563,37,4,10,1,,2026-03-01T00:00:00,month
8113564,37,4,9,1,1.08,2026-03-01T00:00:00,month
8113566,37,4,8,1,1.14,2026-03-01T00:00:00,month
8113792,37,3,2,1,0.01,2025-08-01T00:00:00,month
8113793,37,3,8,1,1.47,2025-08-01T00:00:00,month
8113794,37,3,1,1,0.01,2025-08-01T00:00:00,month
8113795,37,3,6,1,1.52,2025-08-01T00:00:00,month
8113797,37,3,5,1,1.17,2025-08-01T00:00:00,month
8113801,37,3,7,1,1.42,2025-08-01T00:00:00,month
8113949,37,3,11,1,1.35,2025-08-01T00:00:00,month
8113950,37,3,4,1,2.2,2025-08-01T00:00:00,month
8113951,37,3,9,1,1.35,2025-08-01T00:00:00,month
8113953,37,3,3,1,,2025-08-01T00:00:00,month
8113954,37,3,10,1,,2025-08-01T00:00:00,month
8115635,37,2,1,1,2.35,2017-11-01T00:00:00,month
8115636,37,2,6,1,6.46,2017-11-01T00:00:00,month
8115637,37,2,2,1,3.33,2017-11-01T00:00:00,month
8115928,37,4,8,1,0.38,2017-06-01T00:00:00,month
8116267,37,2,4,1,11.51,2015-01-01T00:00:00,month
8116269,37,2,5,1,13.71,2015-01-01T00:00:00,month
8116270,37,2,7,1,12.29,2015-01-01T00:00:00,month
8116309,37,2,4,1,6.12,2017-06-01T00:00:00,month
8116360,37,2,4,1,2.73,2020-11-01T00:00:00,month
8116362,37,2,5,1,3.15,2020-11-01T00:00:00,month
8116363,37,2,11,1,4.13,2020-11-01T00:00:00,month
8116364,37,2,3,1,2.44,2020-11-01T00:00:00,month
8116366,37,2,7,1,3.23,2020-11-01T00:00:00,month
8116368,37,2,6,1,3.66,2020-11-01T00:00:00,month
8116369,37,2,10,1,4.32,2020-11-01T00:00:00,month
8116370,37,2,8,1,3.3,2020-11-01T00:00:00,month
8116372,37,2,2,1,2.53,2020-11-01T00:00:00,month
8116373,37,2,1,1,2.6,2020-11-01T00:00:00,month
8116376,37,2,9,1,4.13,2020-11-01T00:00:00,month
8116579,37,2,10,1,5.73,2017-11-01T00:00:00,month
8116580,37,2,8,1,5.86,2017-11-01T00:00:00,month
8116583,37,2,9,1,6.29,2017-11-01T00:00:00,month
8116645,37,3,1,1,0.47,2020-11-01T00:00:00,month
8116646,37,3,5,1,0.34,2020-11-01T00:00:00,month
8116649,37,3,7,1,0.44,2020-11-01T00:00:00,month
8116653,37,3,11,1,0.53,2020-11-01T00:00:00,month
8116654,37,3,4,1,0.5,2020-11-01T00:00:00,month
8116719,37,2,11,1,11.74,2015-01-01T00:00:00,month
8116720,37,2,3,1,11.76,2015-01-01T00:00:00,month
8116724,37,2,1,1,5.68,2015-01-01T00:00:00,month
8116725,37,2,6,1,12.73,2015-01-01T00:00:00,month
8116726,37,2,2,1,5.92,2015-01-01T00:00:00,month
8116727,37,2,10,1,8.06,2015-01-01T00:00:00,month
8116728,37,2,8,1,12.74,2015-01-01T00:00:00,month
8116731,37,2,9,1,11.98,2015-01-01T00:00:00,month
8116746,37,3,9,1,5.45,2015-01-01T00:00:00,month
8116747,37,3,10,1,4.21,2015-01-01T00:00:00,month
8116790,37,4,8,1,5.21,2015-01-01T00:00:00,month
8116793,37,4,11,1,4.9,2015-01-01T00:00:00,month
8116794,37,4,9,1,4.99,2015-01-01T00:00:00,month
8116795,37,4,10,1,3.23,2015-01-01T00:00:00,month
8116819,37,3,2,1,0.72,2015-01-01T00:00:00,month
8116820,37,3,8,1,5.56,2015-01-01T00:00:00,month
8116821,37,3,6,1,5.96,2015-01-01T00:00:00,month
8116823,37,3,1,1,0.54,2015-01-01T00:00:00,month
8116824,37,3,5,1,5.05,2015-01-01T00:00:00,month
8116828,37,3,11,1,5.36,2015-01-01T00:00:00,month
8116829,37,3,7,1,5.22,2015-01-01T00:00:00,month
8116833,37,3,3,1,2.6,2015-01-01T00:00:00,month
8116834,37,3,4,1,3.87,2015-01-01T00:00:00,month
8116922,37,4,1,1,0.47,2015-01-01T00:00:00,month
8116923,37,4,4,1,3.21,2015-01-01T00:00:00,month
8116924,37,4,2,1,0.66,2015-01-01T00:00:00,month
8116925,37,4,6,1,5.58,2015-01-01T00:00:00,month
8116926,37,4,7,1,4.88,2015-01-01T00:00:00,month
8116927,37,4,3,1,2.51,2015-01-01T00:00:00,month
8116928,37,4,5,1,4.55,2015-01-01T00:00:00,month
8116980,37,4,8,1,1.02,2026-05-01T00:00:00,month
8117121,37,2,4,1,13.52,2026-05-01T00:00:00,month
8117123,37,2,11,1,11.64,2026-05-01T00:00:00,month
8117124,37,2,3,1,12.61,2026-05-01T00:00:00,month
8117126,37,2,7,1,13.24,2026-05-01T00:00:00,month
8117349,37,2,6,1,13.3,2026-05-01T00:00:00,month
8117350,37,2,5,1,13.5,2026-05-01T00:00:00,month
8117351,37,2,10,1,7.02,2026-05-01T00:00:00,month
8117352,37,2,8,1,13.43,2026-05-01T00:00:00,month
8117354,37,2,2,1,10.37,2026-05-01T00:00:00,month
8117355,37,2,1,1,6.16,2026-05-01T00:00:00,month
8117361,37,2,9,1,12.22,2026-05-01T00:00:00,month
8118016,37,4,8,1,0.36,2017-11-01T00:00:00,month
8118019,37,4,11,1,0.8,2017-11-01T00:00:00,month
8118020,37,4,9,1,0.91,2017-11-01T00:00:00,month
8118022,37,4,10,1,0.48,2017-11-01T00:00:00,month
8118316,37,3,11,1,1.8,2018-01-01T00:00:00,month
8118358,37,4,8,1,0.38,2018-01-01T00:00:00,month
8118361,37,4,11,1,0.82,2018-01-01T00:00:00,month
8118362,37,4,9,1,0.92,2018-01-01T00:00:00,month
8118363,37,4,10,1,0.52,2018-01-01T00:00:00,month
8118695,37,4,3,1,0.12,2017-11-01T00:00:00,month
8118696,37,4,4,1,0.3,2017-11-01T00:00:00,month
8118698,37,4,1,1,0.05,2017-11-01T00:00:00,month
8118699,37,4,2,1,0.05,2017-11-01T00:00:00,month
8118700,37,4,6,1,0.39,2017-11-01T00:00:00,month
8118701,37,4,7,1,0.2,2017-11-01T00:00:00,month
8118702,37,4,5,1,0.25,2017-11-01T00:00:00,month
8110599,37,3,7,1,0.73,2018-01-01T00:00:00,month
8110603,37,3,3,1,0.6,2018-01-01T00:00:00,month
8110604,37,3,4,1,0.26,2018-01-01T00:00:00,month
8110606,37,3,9,1,1.8,2018-01-01T00:00:00,month
8110607,37,3,10,1,1.77,2018-01-01T00:00:00,month
8111286,37,3,9,1,0.51,2020-11-01T00:00:00,month
8116190,37,2,7,1,8.43,2016-01-01T00:00:00,month
8116191,37,2,11,1,9.25,2016-01-01T00:00:00,month
8116192,37,2,3,1,8.61,2016-01-01T00:00:00,month
8116196,37,2,1,1,3.05,2016-01-01T00:00:00,month
8116197,37,2,6,1,9.21,2016-01-01T00:00:00,month
8116198,37,2,2,1,3.46,2016-01-01T00:00:00,month
8116199,37,2,10,1,6.14,2016-01-01T00:00:00,month
8116200,37,2,8,1,8.83,2016-01-01T00:00:00,month
8116203,37,2,9,1,9.31,2016-01-01T00:00:00,month
8116213,37,2,9,1,8.34,2016-08-01T00:00:00,month
8116384,37,3,7,1,0.87,2016-08-01T00:00:00,month
8116520,37,4,8,1,1.05,2023-06-01T00:00:00,month
8116523,37,4,11,1,1.93,2023-06-01T00:00:00,month
8116524,37,4,9,1,1.93,2023-06-01T00:00:00,month
8116526,37,4,10,1,,2023-06-01T00:00:00,month
8116531,37,4,3,1,,2023-06-01T00:00:00,month
8116532,37,4,4,1,,2023-06-01T00:00:00,month
8116534,37,4,1,1,0.01,2023-06-01T00:00:00,month
8116535,37,4,2,1,0.01,2023-06-01T00:00:00,month
8116536,37,4,6,1,1.19,2023-06-01T00:00:00,month
8116537,37,4,7,1,1.02,2023-06-01T00:00:00,month
8116538,37,4,5,1,1.03,2023-06-01T00:00:00,month
8116853,37,2,5,1,18.68,2025-07-01T00:00:00,month
8116855,37,2,4,1,19.17,2025-07-01T00:00:00,month
8116857,37,2,7,1,18.58,2025-07-01T00:00:00,month
8116858,37,2,11,1,17.55,2025-07-01T00:00:00,month
8116859,37,2,3,1,15.79,2025-07-01T00:00:00,month
8116863,37,2,1,1,11.85,2025-07-01T00:00:00,month
8116864,37,2,6,1,18.87,2025-07-01T00:00:00,month
8116865,37,2,2,1,14.17,2025-07-01T00:00:00,month
8116866,37,2,10,1,9.51,2025-07-01T00:00:00,month
8116867,37,2,8,1,18.71,2025-07-01T00:00:00,month
8116870,37,2,9,1,17.89,2025-07-01T00:00:00,month
8117129,37,4,8,1,4.66,2022-04-01T00:00:00,month
8117132,37,4,11,1,2.18,2022-04-01T00:00:00,month
8117133,37,4,9,1,2.23,2022-04-01T00:00:00,month
8117134,37,4,10,1,1.36,2022-04-01T00:00:00,month
8117141,37,4,4,1,4.6,2022-04-01T00:00:00,month
8117142,37,4,2,1,0.11,2022-04-01T00:00:00,month
8117143,37,4,3,1,3.64,2022-04-01T00:00:00,month
8117144,37,4,7,1,4.65,2022-04-01T00:00:00,month
8117145,37,4,6,1,4.45,2022-04-01T00:00:00,month
8117146,37,4,5,1,4.71,2022-04-01T00:00:00,month
8117147,37,4,1,1,0.01,2022-04-01T00:00:00,month
8117248,37,3,2,1,0.18,2023-06-01T00:00:00,month
8117249,37,3,6,1,2.09,2023-06-01T00:00:00,month
8117250,37,3,8,1,1.73,2023-06-01T00:00:00,month
8117252,37,3,1,1,0.18,2023-06-01T00:00:00,month
8117253,37,3,5,1,1.38,2023-06-01T00:00:00,month
8117257,37,3,11,1,1.37,2023-06-01T00:00:00,month
8117260,37,3,7,1,1.68,2023-06-01T00:00:00,month
8117262,37,3,4,1,0.98,2023-06-01T00:00:00,month
8117263,37,3,9,1,1.37,2023-06-01T00:00:00,month
8117265,37,3,3,1,,2023-06-01T00:00:00,month
8117266,37,3,10,1,,2023-06-01T00:00:00,month
8117506,37,3,2,1,0.01,2025-07-01T00:00:00,month
8117507,37,3,6,1,1.44,2025-07-01T00:00:00,month
8117508,37,3,8,1,1.54,2025-07-01T00:00:00,month
8117510,37,3,1,1,0.01,2025-07-01T00:00:00,month
8117511,37,3,5,1,1.72,2025-07-01T00:00:00,month
8117515,37,3,11,1,1.42,2025-07-01T00:00:00,month
8117518,37,3,7,1,1.51,2025-07-01T00:00:00,month
8117520,37,3,4,1,2.18,2025-07-01T00:00:00,month
8117521,37,3,9,1,1.42,2025-07-01T00:00:00,month
8117523,37,3,3,1,,2025-07-01T00:00:00,month
8117524,37,3,10,1,,2025-07-01T00:00:00,month
8117677,37,2,4,1,6.2,2016-08-01T00:00:00,month
8117679,37,2,5,1,7.21,2016-08-01T00:00:00,month
8117680,37,2,7,1,6.78,2016-08-01T00:00:00,month
8117681,37,2,11,1,8.33,2016-08-01T00:00:00,month
8117682,37,2,3,1,7.67,2016-08-01T00:00:00,month
8117986,37,3,3,1,0.47,2016-08-01T00:00:00,month
8117987,37,3,4,1,0.34,2016-08-01T00:00:00,month
8118333,37,4,7,1,0.56,2016-08-01T00:00:00,month
8118334,37,4,3,1,0.49,2016-08-01T00:00:00,month
8118335,37,4,5,1,0.41,2016-08-01T00:00:00,month
8118846,37,2,6,1,7.33,2016-08-01T00:00:00,month
8118847,37,2,2,1,3.14,2016-08-01T00:00:00,month
8118848,37,2,10,1,8.0,2016-08-01T00:00:00,month
8118849,37,2,8,1,7.06,2016-08-01T00:00:00,month
8118850,37,2,1,1,2.22,2016-08-01T00:00:00,month
8111548,37,4,8,1,1.1,2016-01-01T00:00:00,month
8111551,37,4,11,1,1.86,2016-01-01T00:00:00,month
8111552,37,4,9,1,1.87,2016-01-01T00:00:00,month
8111554,37,4,10,1,1.46,2016-01-01T00:00:00,month
8111808,37,3,2,1,3.92,2022-04-01T00:00:00,month
8111809,37,3,8,1,6.35,2022-04-01T00:00:00,month
8111810,37,3,6,1,5.23,2022-04-01T00:00:00,month
8111812,37,3,1,1,0.07,2022-04-01T00:00:00,month
8111813,37,3,5,1,6.64,2022-04-01T00:00:00,month
8111817,37,3,7,1,6.33,2022-04-01T00:00:00,month
8115725,37,4,8,1,0.31,2019-04-01T00:00:00,month
8115728,37,4,11,1,0.49,2019-04-01T00:00:00,month
8115729,37,4,9,1,0.42,2019-04-01T00:00:00,month
8115731,37,4,10,1,0.92,2019-04-01T00:00:00,month
8115736,37,4,3,1,,2019-04-01T00:00:00,month
8115737,37,4,4,1,0.4,2019-04-01T00:00:00,month
8115739,37,4,1,1,0.04,2019-04-01T00:00:00,month
8115740,37,4,2,1,0.04,2019-04-01T00:00:00,month
8115741,37,4,6,1,0.31,2019-04-01T00:00:00,month
8115742,37,4,7,1,0.27,2019-04-01T00:00:00,month
8115743,37,4,5,1,0.32,2019-04-01T00:00:00,month
8115988,37,2,3,1,4.88,2019-04-01T00:00:00,month
8115992,37,2,1,1,4.59,2019-04-01T00:00:00,month
8115993,37,2,6,1,6.43,2019-04-01T00:00:00,month
8115994,37,2,2,1,4.73,2019-04-01T00:00:00,month
8115995,37,2,10,1,5.91,2019-04-01T00:00:00,month
8115996,37,2,8,1,6.12,2019-04-01T00:00:00,month
8115999,37,2,9,1,7.09,2019-04-01T00:00:00,month
8116176,37,2,11,1,20.17,2024-12-01T00:00:00,month
8116177,37,2,3,1,18.59,2024-12-01T00:00:00,month
8116179,37,2,7,1,20.35,2024-12-01T00:00:00,month
8116181,37,2,6,1,20.84,2024-12-01T00:00:00,month
8116182,37,2,5,1,20.45,2024-12-01T00:00:00,month
8116183,37,2,10,1,16.12,2024-12-01T00:00:00,month
8116349,37,2,7,1,3.27,2020-10-01T00:00:00,month
8116351,37,2,3,1,2.33,2020-10-01T00:00:00,month
8116352,37,2,11,1,4.1,2020-10-01T00:00:00,month
8116353,37,2,5,1,3.1,2020-10-01T00:00:00,month
8116355,37,2,4,1,2.78,2020-10-01T00:00:00,month
8116616,37,2,4,1,20.79,2024-12-01T00:00:00,month
8116694,37,2,8,1,20.54,2024-12-01T00:00:00,month
8116696,37,2,2,1,16.77,2024-12-01T00:00:00,month
8116697,37,2,1,1,10.12,2024-12-01T00:00:00,month
8116700,37,2,9,1,20.73,2024-12-01T00:00:00,month
8116890,37,2,4,1,12.82,2026-06-01T00:00:00,month
8116892,37,2,11,1,10.88,2026-06-01T00:00:00,month
8116893,37,2,3,1,12.53,2026-06-01T00:00:00,month
8116895,37,2,7,1,12.84,2026-06-01T00:00:00,month
8116897,37,2,5,1,13.06,2026-06-01T00:00:00,month
8116898,37,2,1,1,6.06,2026-06-01T00:00:00,month
8116899,37,2,6,1,13.0,2026-06-01T00:00:00,month
8116900,37,2,10,1,5.95,2026-06-01T00:00:00,month
8116901,37,2,2,1,6.89,2026-06-01T00:00:00,month
8116903,37,2,8,1,13.01,2026-06-01T00:00:00,month
8117085,37,2,9,1,11.71,2026-06-01T00:00:00,month
8117396,37,2,5,1,6.4,2019-04-01T00:00:00,month
8117398,37,2,4,1,5.24,2019-04-01T00:00:00,month
8118413,37,4,8,1,0.61,2024-12-01T00:00:00,month
8118555,37,4,9,1,1.02,2024-12-01T00:00:00,month
8118556,37,4,10,1,,2024-12-01T00:00:00,month
8118559,37,4,11,1,1.02,2024-12-01T00:00:00,month
8118563,37,4,4,1,3.06,2024-12-01T00:00:00,month
8118564,37,4,2,1,0.01,2024-12-01T00:00:00,month
8118565,37,4,3,1,,2024-12-01T00:00:00,month
8118566,37,4,7,1,0.6,2024-12-01T00:00:00,month
8118567,37,4,6,1,0.57,2024-12-01T00:00:00,month
8118569,37,4,1,1,0.01,2024-12-01T00:00:00,month
8118571,37,4,5,1,1.11,2024-12-01T00:00:00,month
8118788,37,3,10,1,0.91,2020-10-01T00:00:00,month
8118789,37,3,3,1,0.7,2020-10-01T00:00:00,month
8118791,37,3,9,1,0.47,2020-10-01T00:00:00,month
8118793,37,3,4,1,0.44,2020-10-01T00:00:00,month
8118794,37,3,11,1,0.48,2020-10-01T00:00:00,month
8118809,37,2,9,1,4.09,2020-10-01T00:00:00,month
8118812,37,2,1,1,2.49,2020-10-01T00:00:00,month
8118813,37,2,2,1,2.41,2020-10-01T00:00:00,month
8118815,37,2,8,1,3.32,2020-10-01T00:00:00,month
8118816,37,2,10,1,4.26,2020-10-01T00:00:00,month
8118817,37,2,6,1,3.59,2020-10-01T00:00:00,month
8111694,37,3,7,1,0.36,2020-10-01T00:00:00,month
8111697,37,3,5,1,0.27,2020-10-01T00:00:00,month
8111698,37,3,1,1,0.19,2020-10-01T00:00:00,month
8111700,37,3,6,1,0.31,2020-10-01T00:00:00,month
8111701,37,3,8,1,0.37,2020-10-01T00:00:00,month
8111702,37,3,2,1,0.51,2020-10-01T00:00:00,month
8112044,37,4,8,1,1.49,2026-06-01T00:00:00,month
8112046,37,4,9,1,1.37,2026-06-01T00:00:00,month
8112047,37,4,10,1,,2026-06-01T00:00:00,month
8112050,37,4,11,1,1.37,2026-06-01T00:00:00,month
8112054,37,4,4,1,,2026-06-01T00:00:00,month
8112055,37,4,2,1,0.01,2026-06-01T00:00:00,month
8112056,37,4,3,1,,2026-06-01T00:00:00,month
8112057,37,4,7,1,1.48,2026-06-01T00:00:00,month
8112174,37,3,11,1,1.56,2026-06-01T00:00:00,month
8112175,37,3,4,1,,2026-06-01T00:00:00,month
8112176,37,3,9,1,1.56,2026-06-01T00:00:00,month
8112178,37,3,3,1,,2026-06-01T00:00:00,month
8112179,37,3,10,1,,2026-06-01T00:00:00,month
8112311,37,3,2,1,0.01,2026-06-01T00:00:00,month
8112312,37,3,8,1,2.05,2026-06-01T00:00:00,month
8112313,37,3,1,1,0.01,2026-06-01T00:00:00,month
8115837,37,2,4,1,4.1,2023-05-01T00:00:00,month
8116091,37,2,9,1,13.87,2024-07-01T00:00:00,month
8116094,37,2,1,1,6.42,2024-07-01T00:00:00,month
8116095,37,2,2,1,10.16,2024-07-01T00:00:00,month
8116097,37,2,8,1,16.45,2024-07-01T00:00:00,month
8116098,37,2,10,1,10.82,2024-07-01T00:00:00,month
8116099,37,2,5,1,15.39,2024-07-01T00:00:00,month
8116100,37,2,6,1,17.07,2024-07-01T00:00:00,month
8116102,37,2,7,1,16.3,2024-07-01T00:00:00,month
8116257,37,2,3,1,6.13,2014-12-01T00:00:00,month
8116258,37,2,11,1,8.41,2014-12-01T00:00:00,month
8116259,37,2,7,1,6.23,2014-12-01T00:00:00,month
8116260,37,2,5,1,6.27,2014-12-01T00:00:00,month
8116262,37,2,4,1,5.39,2014-12-01T00:00:00,month
8116304,37,4,10,1,3.16,2014-12-01T00:00:00,month
8116305,37,4,9,1,3.61,2014-12-01T00:00:00,month
8116306,37,4,11,1,3.56,2014-12-01T00:00:00,month
8116389,37,3,5,1,1.92,2024-06-01T00:00:00,month
8116390,37,3,1,1,0.01,2024-06-01T00:00:00,month
8116392,37,3,8,1,1.44,2024-06-01T00:00:00,month
8116393,37,3,6,1,1.28,2024-06-01T00:00:00,month
8116394,37,3,2,1,0.01,2024-06-01T00:00:00,month
8116539,37,4,5,1,1.04,2024-06-01T00:00:00,month
8116540,37,4,7,1,1.83,2024-06-01T00:00:00,month
8116541,37,4,6,1,1.91,2024-06-01T00:00:00,month
8116542,37,4,2,1,0.01,2024-06-01T00:00:00,month
8116543,37,4,1,1,0.01,2024-06-01T00:00:00,month
8116545,37,4,4,1,,2024-06-01T00:00:00,month
8116546,37,4,3,1,,2024-06-01T00:00:00,month
8116551,37,4,10,1,,2024-06-01T00:00:00,month
8116553,37,4,9,1,1.03,2024-06-01T00:00:00,month
8116554,37,4,11,1,1.03,2024-06-01T00:00:00,month
8116557,37,4,8,1,1.85,2024-06-01T00:00:00,month
8116608,37,2,3,1,12.38,2024-07-01T00:00:00,month
8116609,37,2,11,1,13.43,2024-07-01T00:00:00,month
8116611,37,2,4,1,14.84,2024-07-01T00:00:00,month
8116738,37,2,5,1,7.28,2016-03-01T00:00:00,month
8116742,37,2,3,1,8.4,2016-03-01T00:00:00,month
8116743,37,2,11,1,9.07,2016-03-01T00:00:00,month
8116754,37,3,11,1,2.33,2016-03-01T00:00:00,month
8116758,37,3,5,1,1.25,2016-03-01T00:00:00,month
8116759,37,3,1,1,0.49,2016-03-01T00:00:00,month
8116789,37,4,8,1,2.24,2014-12-01T00:00:00,month
8116813,37,3,5,1,2.0,2014-12-01T00:00:00,month
8116814,37,3,1,1,0.42,2014-12-01T00:00:00,month
8116816,37,3,6,1,3.37,2014-12-01T00:00:00,month
8116817,37,3,8,1,2.58,2014-12-01T00:00:00,month
8116818,37,3,2,1,0.53,2014-12-01T00:00:00,month
8116951,37,3,6,1,1.82,2016-03-01T00:00:00,month
8116952,37,3,8,1,1.68,2016-03-01T00:00:00,month
8116953,37,3,2,1,0.48,2016-03-01T00:00:00,month
8117267,37,3,10,1,,2024-06-01T00:00:00,month
8117268,37,3,3,1,,2024-06-01T00:00:00,month
8117270,37,3,9,1,1.82,2024-06-01T00:00:00,month
8117271,37,3,4,1,1.98,2024-06-01T00:00:00,month
8117273,37,3,7,1,1.42,2024-06-01T00:00:00,month
8117358,37,2,4,1,7.21,2016-03-01T00:00:00,month
8117496,37,3,11,1,1.82,2024-06-01T00:00:00,month
8117554,37,4,10,1,0.62,2016-03-01T00:00:00,month
8117555,37,4,9,1,1.5,2016-03-01T00:00:00,month
8117556,37,4,11,1,1.47,2016-03-01T00:00:00,month
8117559,37,4,8,1,0.96,2016-03-01T00:00:00,month
8117630,37,4,8,1,0.51,2023-05-01T00:00:00,month
8117632,37,4,9,1,0.62,2023-05-01T00:00:00,month
8117633,37,4,10,1,,2023-05-01T00:00:00,month
8117636,37,4,11,1,0.62,2023-05-01T00:00:00,month
8117640,37,4,4,1,,2023-05-01T00:00:00,month
8117712,37,4,2,1,0.01,2023-05-01T00:00:00,month
8117713,37,4,3,1,,2023-05-01T00:00:00,month
8117888,37,4,7,1,0.48,2023-05-01T00:00:00,month
8117890,37,4,6,1,0.7,2023-05-01T00:00:00,month
8117891,37,4,5,1,0.32,2023-05-01T00:00:00,month
8117893,37,4,1,1,0.01,2023-05-01T00:00:00,month
8118394,37,4,5,1,0.97,2024-07-01T00:00:00,month
8118396,37,4,1,1,0.01,2024-07-01T00:00:00,month
8118398,37,4,6,1,1.5,2024-07-01T00:00:00,month
8118399,37,4,7,1,1.05,2024-07-01T00:00:00,month
8118400,37,4,3,1,,2024-07-01T00:00:00,month
8118401,37,4,2,1,0.01,2024-07-01T00:00:00,month
8118402,37,4,4,1,,2024-07-01T00:00:00,month
8118406,37,4,11,1,1.65,2024-07-01T00:00:00,month
8118409,37,4,10,1,,2024-07-01T00:00:00,month
8118410,37,4,9,1,1.65,2024-07-01T00:00:00,month
8118412,37,4,8,1,1.27,2024-07-01T00:00:00,month
8118769,37,3,2,1,0.15,2020-05-01T00:00:00,month
8118770,37,3,8,1,0.68,2020-05-01T00:00:00,month
8118771,37,3,6,1,0.78,2020-05-01T00:00:00,month
8118773,37,3,1,1,0.15,2020-05-01T00:00:00,month
8118774,37,3,5,1,0.5,2020-05-01T00:00:00,month
8118777,37,3,7,1,0.63,2020-05-01T00:00:00,month
8118781,37,3,11,1,0.85,2020-05-01T00:00:00,month
8118782,37,3,4,1,0.18,2020-05-01T00:00:00,month
8116241,37,2,9,1,8.75,2016-06-01T00:00:00,month
8116275,37,4,11,1,4.55,2015-04-01T00:00:00,month
8116276,37,4,9,1,4.59,2015-04-01T00:00:00,month
8116278,37,4,10,1,3.47,2015-04-01T00:00:00,month
8116283,37,4,3,1,1.32,2015-04-01T00:00:00,month
8116284,37,4,4,1,2.44,2015-04-01T00:00:00,month
8116286,37,4,1,1,0.65,2015-04-01T00:00:00,month
8116287,37,4,2,1,0.75,2015-04-01T00:00:00,month
8116288,37,4,6,1,5.54,2015-04-01T00:00:00,month
8116289,37,4,7,1,4.64,2015-04-01T00:00:00,month
8116290,37,4,5,1,3.97,2015-04-01T00:00:00,month
8117052,37,3,2,1,0.01,2024-03-01T00:00:00,month
8117053,37,3,8,1,0.91,2024-03-01T00:00:00,month
8117054,37,3,1,1,0.01,2024-03-01T00:00:00,month
8117200,37,3,6,1,0.66,2024-03-01T00:00:00,month
8117774,37,4,8,1,1.38,2024-03-01T00:00:00,month
8117776,37,4,9,1,1.39,2024-03-01T00:00:00,month
8117777,37,4,10,1,,2024-03-01T00:00:00,month
8117780,37,4,11,1,1.39,2024-03-01T00:00:00,month
8117855,37,2,5,1,7.47,2016-06-01T00:00:00,month
8117879,37,4,8,1,0.98,2023-08-01T00:00:00,month
8117881,37,4,9,1,2.16,2023-08-01T00:00:00,month
8117882,37,4,10,1,,2023-08-01T00:00:00,month
8117885,37,4,11,1,2.16,2023-08-01T00:00:00,month
8117931,37,2,4,1,6.47,2016-06-01T00:00:00,month
8117933,37,2,7,1,7.04,2016-06-01T00:00:00,month
8117934,37,2,11,1,8.74,2016-06-01T00:00:00,month
8117935,37,2,3,1,8.96,2016-06-01T00:00:00,month
8117939,37,2,1,1,2.39,2016-06-01T00:00:00,month
8117940,37,2,6,1,7.53,2016-06-01T00:00:00,month
8117941,37,2,2,1,3.99,2016-06-01T00:00:00,month
8117942,37,2,10,1,8.25,2016-06-01T00:00:00,month
8117943,37,2,8,1,7.3,2016-06-01T00:00:00,month
8118029,37,4,4,1,,2024-03-01T00:00:00,month
8118030,37,4,2,1,0.01,2024-03-01T00:00:00,month
8118031,37,4,3,1,,2024-03-01T00:00:00,month
8118032,37,4,7,1,1.19,2024-03-01T00:00:00,month
8118034,37,4,6,1,2.11,2024-03-01T00:00:00,month
8118035,37,4,5,1,1.15,2024-03-01T00:00:00,month
8118037,37,4,1,1,0.01,2024-03-01T00:00:00,month
8118062,37,4,4,1,1.34,2023-08-01T00:00:00,month
8118063,37,4,2,1,0.01,2023-08-01T00:00:00,month
8118064,37,4,3,1,,2023-08-01T00:00:00,month
8118065,37,4,7,1,0.76,2023-08-01T00:00:00,month
8118066,37,4,6,1,1.3,2023-08-01T00:00:00,month
8118068,37,4,1,1,0.01,2023-08-01T00:00:00,month
8118070,37,4,5,1,0.76,2023-08-01T00:00:00,month
8118268,37,4,8,1,1.83,2024-10-01T00:00:00,month
8118270,37,4,9,1,1.7,2024-10-01T00:00:00,month
8118271,37,4,10,1,,2024-10-01T00:00:00,month
8118415,37,4,11,1,1.7,2024-10-01T00:00:00,month
8118419,37,4,4,1,,2024-10-01T00:00:00,month
8118420,37,4,2,1,0.01,2024-10-01T00:00:00,month
8118421,37,4,3,1,,2024-10-01T00:00:00,month
8118422,37,4,7,1,1.01,2024-10-01T00:00:00,month
8118424,37,4,6,1,2.22,2024-10-01T00:00:00,month
8118425,37,4,5,1,0.97,2024-10-01T00:00:00,month
8118427,37,4,1,1,0.01,2024-10-01T00:00:00,month
8118858,37,2,9,1,18.17,2024-10-01T00:00:00,month
8118859,37,2,5,1,17.4,2024-10-01T00:00:00,month
8110513,37,2,9,1,8.95,2015-11-01T00:00:00,month
8110595,37,3,10,1,1.67,2015-11-01T00:00:00,month
8110596,37,3,9,1,3.09,2015-11-01T00:00:00,month
8110598,37,3,4,1,0.67,2015-11-01T00:00:00,month
8110826,37,3,3,1,0.88,2015-11-01T00:00:00,month
8110830,37,3,7,1,1.7,2015-11-01T00:00:00,month
8110831,37,3,11,1,3.05,2015-11-01T00:00:00,month
8110835,37,3,5,1,1.45,2015-11-01T00:00:00,month
8110836,37,3,1,1,0.46,2015-11-01T00:00:00,month
8110838,37,3,6,1,2.35,2015-11-01T00:00:00,month
8110839,37,3,8,1,1.83,2015-11-01T00:00:00,month
8110840,37,3,2,1,0.54,2015-11-01T00:00:00,month
8110888,37,3,2,1,0.24,2016-06-01T00:00:00,month
8110889,37,3,6,1,1.51,2016-06-01T00:00:00,month
8110890,37,3,8,1,1.28,2016-06-01T00:00:00,month
8110892,37,3,1,1,0.21,2016-06-01T00:00:00,month
8110893,37,3,5,1,0.8,2016-06-01T00:00:00,month
8110897,37,3,11,1,2.26,2016-06-01T00:00:00,month
8110900,37,3,7,1,1.19,2016-06-01T00:00:00,month
8110902,37,3,4,1,0.45,2016-06-01T00:00:00,month
8110903,37,3,9,1,2.27,2016-06-01T00:00:00,month
8110905,37,3,3,1,0.41,2016-06-01T00:00:00,month
8110906,37,3,10,1,2.02,2016-06-01T00:00:00,month
8111509,37,4,5,1,0.99,2015-11-01T00:00:00,month
8111510,37,4,3,1,1.02,2015-11-01T00:00:00,month
8111511,37,4,7,1,1.22,2015-11-01T00:00:00,month
8111773,37,4,6,1,1.67,2015-11-01T00:00:00,month
8111774,37,4,2,1,0.6,2015-11-01T00:00:00,month
8111775,37,4,4,1,0.49,2015-11-01T00:00:00,month
8111776,37,4,1,1,0.54,2015-11-01T00:00:00,month
8112450,37,4,10,1,1.02,2015-11-01T00:00:00,month
8115755,37,3,8,1,2.31,2023-11-01T00:00:00,month
8115756,37,3,1,1,0.01,2023-11-01T00:00:00,month
8115757,37,3,6,1,2.88,2023-11-01T00:00:00,month
8115761,37,3,7,1,2.28,2023-11-01T00:00:00,month
8115762,37,3,5,1,1.97,2023-11-01T00:00:00,month
8115765,37,3,11,1,1.63,2023-11-01T00:00:00,month
8115766,37,3,4,1,1.89,2023-11-01T00:00:00,month
8115807,37,3,9,1,1.63,2023-11-01T00:00:00,month
8115808,37,3,10,1,,2023-11-01T00:00:00,month
8115809,37,3,3,1,1.1,2023-11-01T00:00:00,month
8115970,37,3,2,1,0.4,2024-01-01T00:00:00,month
8116184,37,2,8,1,9.92,2015-07-01T00:00:00,month
8116185,37,2,10,1,9.18,2015-07-01T00:00:00,month
8116186,37,2,2,1,3.5,2015-07-01T00:00:00,month
8116187,37,2,6,1,10.27,2015-07-01T00:00:00,month
8116188,37,2,1,1,2.19,2015-07-01T00:00:00,month
8116291,37,4,5,1,2.15,2015-07-01T00:00:00,month
8116292,37,4,7,1,1.14,2015-07-01T00:00:00,month
8116293,37,4,6,1,2.8,2015-07-01T00:00:00,month
8116294,37,4,2,1,0.05,2015-07-01T00:00:00,month
8116295,37,4,1,1,0.03,2015-07-01T00:00:00,month
8116297,37,4,4,1,0.95,2015-07-01T00:00:00,month
8116298,37,4,3,1,1.14,2015-07-01T00:00:00,month
8116577,37,4,5,1,1.0,2025-02-01T00:00:00,month
8116578,37,4,7,1,2.93,2025-02-01T00:00:00,month
8116635,37,3,10,1,,2025-02-01T00:00:00,month
8116636,37,3,3,1,,2025-02-01T00:00:00,month
8116638,37,3,9,1,2.16,2025-02-01T00:00:00,month
8116639,37,3,4,1,1.34,2025-02-01T00:00:00,month
8116641,37,3,7,1,1.1,2025-02-01T00:00:00,month
8116644,37,3,11,1,2.16,2025-02-01T00:00:00,month
8117201,37,4,6,1,2.96,2025-02-01T00:00:00,month
8117202,37,4,2,1,0.01,2025-02-01T00:00:00,month
8117203,37,4,1,1,0.01,2025-02-01T00:00:00,month
8117205,37,4,4,1,,2025-02-01T00:00:00,month
8117206,37,4,3,1,,2025-02-01T00:00:00,month
8117211,37,4,10,1,,2025-02-01T00:00:00,month
8117213,37,4,9,1,1.2,2025-02-01T00:00:00,month
8117214,37,4,11,1,1.2,2025-02-01T00:00:00,month
8117217,37,4,8,1,2.93,2025-02-01T00:00:00,month
8117913,37,4,8,1,1.39,2023-11-01T00:00:00,month
8117915,37,4,9,1,0.85,2023-11-01T00:00:00,month
8117916,37,4,10,1,,2023-11-01T00:00:00,month
8117919,37,4,11,1,0.85,2023-11-01T00:00:00,month
8118071,37,4,5,1,1.1,2024-01-01T00:00:00,month
8118073,37,4,1,1,0.01,2024-01-01T00:00:00,month
8118219,37,4,6,1,1.42,2024-01-01T00:00:00,month
8118220,37,4,7,1,1.21,2024-01-01T00:00:00,month
8118221,37,4,3,1,,2024-01-01T00:00:00,month
8118222,37,4,2,1,0.01,2024-01-01T00:00:00,month
8118223,37,4,4,1,,2024-01-01T00:00:00,month
8118227,37,4,11,1,1.64,2024-01-01T00:00:00,month
8118230,37,4,10,1,,2024-01-01T00:00:00,month
8118231,37,4,9,1,1.64,2024-01-01T00:00:00,month
8118233,37,4,8,1,1.24,2024-01-01T00:00:00,month
8118240,37,4,4,1,0.18,2023-11-01T00:00:00,month
8118241,37,4,2,1,0.01,2023-11-01T00:00:00,month
8118242,37,4,3,1,,2023-11-01T00:00:00,month
8118243,37,4,7,1,1.18,2023-11-01T00:00:00,month
8118245,37,4,6,1,1.9,2023-11-01T00:00:00,month
8118246,37,4,5,1,0.88,2023-11-01T00:00:00,month
8118248,37,4,1,1,0.01,2023-11-01T00:00:00,month
8110634,37,3,10,1,2.24,2014-04-01T00:00:00,month
8110635,37,3,9,1,2.59,2014-04-01T00:00:00,month
8110637,37,3,4,1,0.85,2014-04-01T00:00:00,month
8110638,37,3,3,1,1.12,2014-04-01T00:00:00,month
8110642,37,3,7,1,1.66,2014-04-01T00:00:00,month
8110676,37,3,5,1,2.7,2015-07-01T00:00:00,month
8110677,37,3,1,1,0.49,2015-07-01T00:00:00,month
8110679,37,3,8,1,2.91,2015-07-01T00:00:00,month
8110680,37,3,6,1,3.46,2015-07-01T00:00:00,month
8110937,37,3,5,1,1.33,2025-02-01T00:00:00,month
8110938,37,3,1,1,0.01,2025-02-01T00:00:00,month
8110940,37,3,8,1,1.11,2025-02-01T00:00:00,month
8110941,37,3,6,1,1.01,2025-02-01T00:00:00,month
8110942,37,3,2,1,0.01,2025-02-01T00:00:00,month
8111169,37,4,5,1,1.26,2014-04-01T00:00:00,month
8111170,37,4,3,1,1.18,2014-04-01T00:00:00,month
8111171,37,4,7,1,1.35,2014-04-01T00:00:00,month
8111172,37,4,6,1,2.13,2014-04-01T00:00:00,month
8111173,37,4,2,1,0.54,2014-04-01T00:00:00,month
8111174,37,4,4,1,0.71,2014-04-01T00:00:00,month
8111175,37,4,1,1,0.52,2014-04-01T00:00:00,month
8111182,37,4,10,1,1.69,2014-04-01T00:00:00,month
8111183,37,4,9,1,2.26,2014-04-01T00:00:00,month
8111397,37,3,10,1,1.12,2021-01-01T00:00:00,month
8111398,37,3,9,1,0.79,2021-01-01T00:00:00,month
8111400,37,3,4,1,0.45,2021-01-01T00:00:00,month
8111401,37,3,3,1,0.68,2021-01-01T00:00:00,month
8111405,37,3,7,1,0.44,2021-01-01T00:00:00,month
8111406,37,3,11,1,0.8,2021-01-01T00:00:00,month
8111541,37,4,10,1,2.14,2015-07-01T00:00:00,month
8117086,37,2,9,1,11.59,2026-07-01T00:00:00,month
8117089,37,2,8,1,13.19,2026-07-01T00:00:00,month
8117091,37,2,2,1,9.64,2026-07-01T00:00:00,month
8117092,37,2,10,1,6.35,2026-07-01T00:00:00,month
8117093,37,2,6,1,13.13,2026-07-01T00:00:00,month
8117094,37,2,1,1,5.53,2026-07-01T00:00:00,month
8117095,37,2,5,1,13.31,2026-07-01T00:00:00,month
8117097,37,2,7,1,12.95,2026-07-01T00:00:00,month
8117099,37,2,3,1,12.07,2026-07-01T00:00:00,month
8117100,37,2,11,1,10.94,2026-07-01T00:00:00,month
8117102,37,2,4,1,13.05,2026-07-01T00:00:00,month
8117198,37,4,8,1,0.85,2022-06-01T00:00:00,month
8117275,37,4,11,1,1.04,2022-06-01T00:00:00,month
8117276,37,4,9,1,1.09,2022-06-01T00:00:00,month
8117277,37,4,10,1,0.94,2022-06-01T00:00:00,month
8117284,37,4,4,1,0.62,2022-06-01T00:00:00,month
8117285,37,4,2,1,0.01,2022-06-01T00:00:00,month
8117286,37,4,3,1,,2022-06-01T00:00:00,month
8117287,37,4,7,1,0.78,2022-06-01T00:00:00,month
8117288,37,4,6,1,0.83,2022-06-01T00:00:00,month
8117289,37,4,5,1,0.88,2022-06-01T00:00:00,month
8117290,37,4,1,1,0.01,2022-06-01T00:00:00,month
8118143,37,3,2,1,0.6,2014-02-01T00:00:00,month
8118144,37,3,8,1,2.26,2014-02-01T00:00:00,month
8118145,37,3,6,1,2.92,2014-02-01T00:00:00,month
8118168,37,3,11,1,1.53,2018-05-01T00:00:00,month
8118172,37,3,5,1,0.43,2018-05-01T00:00:00,month
8118173,37,3,1,1,0.12,2018-05-01T00:00:00,month
8118175,37,3,6,1,1.13,2018-05-01T00:00:00,month
8118176,37,3,8,1,0.88,2018-05-01T00:00:00,month
8118177,37,3,2,1,0.7,2018-05-01T00:00:00,month
8118447,37,4,5,1,0.22,2018-05-01T00:00:00,month
8118448,37,4,3,1,0.29,2018-05-01T00:00:00,month
8118449,37,4,7,1,0.23,2018-05-01T00:00:00,month
8118450,37,4,6,1,0.37,2018-05-01T00:00:00,month
8118451,37,4,2,1,0.02,2018-05-01T00:00:00,month
8118452,37,4,4,1,0.18,2018-05-01T00:00:00,month
8118453,37,4,1,1,0.02,2018-05-01T00:00:00,month
8118460,37,4,10,1,0.26,2018-05-01T00:00:00,month
8118461,37,4,9,1,0.58,2018-05-01T00:00:00,month
8118462,37,4,11,1,0.48,2018-05-01T00:00:00,month
8118465,37,4,8,1,0.35,2018-05-01T00:00:00,month
8118876,37,3,1,1,0.58,2014-02-01T00:00:00,month
8118877,37,3,5,1,1.66,2014-02-01T00:00:00,month
8118881,37,3,11,1,2.75,2014-02-01T00:00:00,month
8118882,37,3,7,1,2.01,2014-02-01T00:00:00,month
8118886,37,3,3,1,0.94,2014-02-01T00:00:00,month
8118887,37,3,4,1,1.13,2014-02-01T00:00:00,month
8118889,37,3,9,1,2.75,2014-02-01T00:00:00,month
8118890,37,3,10,1,2.78,2014-02-01T00:00:00,month
8118916,37,3,2,1,0.12,2022-06-01T00:00:00,month
8118917,37,3,8,1,0.68,2022-06-01T00:00:00,month
8118918,37,3,6,1,0.69,2022-06-01T00:00:00,month
8118920,37,3,1,1,0.07,2022-06-01T00:00:00,month
8118921,37,3,5,1,1.33,2022-06-01T00:00:00,month
8118924,37,3,7,1,0.64,2022-06-01T00:00:00,month
8110416,37,2,4,1,5.01,2014-02-01T00:00:00,month
8110418,37,2,5,1,5.8,2014-02-01T00:00:00,month
8110419,37,2,7,1,5.3,2014-02-01T00:00:00,month
8110420,37,2,11,1,7.33,2014-02-01T00:00:00,month
8110421,37,2,3,1,4.85,2014-02-01T00:00:00,month
8110425,37,2,1,1,1.98,2014-02-01T00:00:00,month
8110426,37,2,6,1,7.17,2014-02-01T00:00:00,month
8110427,37,2,2,1,2.18,2014-02-01T00:00:00,month
8110428,37,2,10,1,7.43,2014-02-01T00:00:00,month
8110429,37,2,8,1,6.03,2014-02-01T00:00:00,month
8110432,37,2,9,1,7.32,2014-02-01T00:00:00,month
8110784,37,2,2,1,3.52,2018-05-01T00:00:00,month
8110785,37,2,9,1,5.88,2018-05-01T00:00:00,month
8110788,37,2,8,1,5.39,2018-05-01T00:00:00,month
8110789,37,2,10,1,4.71,2018-05-01T00:00:00,month
8110790,37,2,6,1,5.68,2018-05-01T00:00:00,month
8110791,37,2,1,1,2.8,2018-05-01T00:00:00,month
8110792,37,2,7,1,5.29,2018-05-01T00:00:00,month
8110793,37,2,5,1,5.46,2018-05-01T00:00:00,month
8110797,37,2,3,1,4.95,2018-05-01T00:00:00,month
8110798,37,2,11,1,5.84,2018-05-01T00:00:00,month
8110800,37,2,4,1,4.46,2018-05-01T00:00:00,month
8110972,37,4,8,1,1.8,2014-02-01T00:00:00,month
8110975,37,4,11,1,2.7,2014-02-01T00:00:00,month
8110976,37,4,9,1,2.77,2014-02-01T00:00:00,month
8110977,37,4,10,1,1.91,2014-02-01T00:00:00,month
8110984,37,4,1,1,0.38,2014-02-01T00:00:00,month
8110985,37,4,4,1,0.8,2014-02-01T00:00:00,month
8110986,37,4,2,1,0.42,2014-02-01T00:00:00,month
8110987,37,4,6,1,2.37,2014-02-01T00:00:00,month
8111132,37,4,7,1,1.59,2014-02-01T00:00:00,month
8111133,37,4,3,1,1.08,2014-02-01T00:00:00,month
8111134,37,4,5,1,1.32,2014-02-01T00:00:00,month
8111571,37,4,5,1,0.25,2018-03-01T00:00:00,month
8111572,37,4,3,1,0.16,2018-03-01T00:00:00,month
8118494,37,4,8,1,0.16,2020-02-01T00:00:00,month
8110843,37,3,2,1,0.56,2020-02-01T00:00:00,month
8110844,37,3,8,1,0.85,2020-02-01T00:00:00,month
8110845,37,3,6,1,0.91,2020-02-01T00:00:00,month
8110847,37,3,1,1,0.15,2020-02-01T00:00:00,month
8110848,37,3,5,1,0.56,2020-02-01T00:00:00,month
8110852,37,3,11,1,1.16,2020-02-01T00:00:00,month
8110853,37,3,7,1,0.8,2020-02-01T00:00:00,month
8110857,37,3,3,1,0.99,2020-02-01T00:00:00,month
8110858,37,3,4,1,0.63,2020-02-01T00:00:00,month
8110860,37,3,9,1,1.13,2020-02-01T00:00:00,month
8110861,37,3,10,1,1.69,2020-02-01T00:00:00,month
8111272,37,3,2,1,0.73,2019-12-01T00:00:00,month
8111273,37,3,8,1,0.92,2019-12-01T00:00:00,month
8111274,37,3,6,1,0.99,2019-12-01T00:00:00,month
8111348,37,3,1,1,0.35,2019-12-01T00:00:00,month
8111349,37,3,5,1,0.65,2019-12-01T00:00:00,month
8111353,37,3,7,1,0.89,2019-12-01T00:00:00,month
8111356,37,3,11,1,1.14,2019-12-01T00:00:00,month
8111357,37,3,4,1,0.57,2019-12-01T00:00:00,month
8111358,37,3,9,1,1.1,2019-12-01T00:00:00,month
8111360,37,3,3,1,1.03,2019-12-01T00:00:00,month
8111361,37,3,10,1,1.66,2019-12-01T00:00:00,month
8112163,37,2,4,1,3.85,2019-12-01T00:00:00,month
8112387,37,2,11,1,5.84,2019-12-01T00:00:00,month
8112388,37,2,3,1,3.67,2019-12-01T00:00:00,month
8112390,37,2,7,1,4.48,2019-12-01T00:00:00,month
8112392,37,2,5,1,4.73,2019-12-01T00:00:00,month
8112393,37,2,1,1,3.52,2019-12-01T00:00:00,month
8112394,37,2,6,1,4.97,2019-12-01T00:00:00,month
8112395,37,2,10,1,6.19,2019-12-01T00:00:00,month
8112396,37,2,2,1,3.6,2019-12-01T00:00:00,month
8112398,37,2,8,1,4.58,2019-12-01T00:00:00,month
8112401,37,2,9,1,5.83,2019-12-01T00:00:00,month
8113286,37,4,8,1,0.38,2019-12-01T00:00:00,month
8113289,37,4,11,1,0.28,2019-12-01T00:00:00,month
8113290,37,4,9,1,0.28,2019-12-01T00:00:00,month
8113291,37,4,10,1,0.29,2019-12-01T00:00:00,month
8113370,37,4,4,1,0.12,2019-12-01T00:00:00,month
8113371,37,4,2,1,0.06,2019-12-01T00:00:00,month
8113372,37,4,3,1,,2019-12-01T00:00:00,month
8113373,37,4,7,1,0.31,2019-12-01T00:00:00,month
8113374,37,4,6,1,0.38,2019-12-01T00:00:00,month
8113375,37,4,5,1,0.14,2019-12-01T00:00:00,month
8113376,37,4,1,1,0.06,2019-12-01T00:00:00,month
8113871,37,4,8,1,0.14,2020-09-01T00:00:00,month
8113874,37,4,11,1,0.29,2020-09-01T00:00:00,month
8113875,37,4,9,1,0.34,2020-09-01T00:00:00,month
8114023,37,4,10,1,0.24,2020-09-01T00:00:00,month
8114030,37,4,4,1,0.1,2020-09-01T00:00:00,month
8114031,37,4,2,1,0.01,2020-09-01T00:00:00,month
8114032,37,4,3,1,,2020-09-01T00:00:00,month
8114033,37,4,7,1,0.04,2020-09-01T00:00:00,month
8114034,37,4,6,1,0.14,2020-09-01T00:00:00,month
8114035,37,4,5,1,0.12,2020-09-01T00:00:00,month
8114036,37,4,1,1,0.01,2020-09-01T00:00:00,month
8114484,37,2,4,1,3.73,2020-02-01T00:00:00,month
8114486,37,2,5,1,4.58,2020-02-01T00:00:00,month
8114487,37,2,7,1,4.46,2020-02-01T00:00:00,month
8114488,37,2,11,1,5.48,2020-02-01T00:00:00,month
8114489,37,2,3,1,3.79,2020-02-01T00:00:00,month
8114493,37,2,1,1,3.01,2020-02-01T00:00:00,month
8114494,37,2,6,1,4.84,2020-02-01T00:00:00,month
8114495,37,2,2,1,3.38,2020-02-01T00:00:00,month
8114496,37,2,10,1,5.26,2020-02-01T00:00:00,month
8114497,37,2,8,1,4.56,2020-02-01T00:00:00,month
8114500,37,2,9,1,5.49,2020-02-01T00:00:00,month
8114730,37,3,2,1,0.47,2020-09-01T00:00:00,month
8114731,37,3,8,1,0.41,2020-09-01T00:00:00,month
8114732,37,3,6,1,0.35,2020-09-01T00:00:00,month
8114734,37,3,1,1,0.07,2020-09-01T00:00:00,month
8114735,37,3,5,1,0.38,2020-09-01T00:00:00,month
8114739,37,3,7,1,0.38,2020-09-01T00:00:00,month
8114957,37,3,11,1,0.57,2020-09-01T00:00:00,month
8114958,37,3,4,1,0.44,2020-09-01T00:00:00,month
8114959,37,3,9,1,0.56,2020-09-01T00:00:00,month
8114961,37,3,3,1,0.7,2020-09-01T00:00:00,month
8114962,37,3,10,1,0.94,2020-09-01T00:00:00,month
8114998,37,4,11,1,0.72,2020-02-01T00:00:00,month
8114999,37,4,9,1,0.28,2020-02-01T00:00:00,month
8115000,37,4,10,1,1.22,2020-02-01T00:00:00,month
8115007,37,4,1,1,0.01,2020-02-01T00:00:00,month
8115008,37,4,4,1,0.1,2020-02-01T00:00:00,month
8115009,37,4,2,1,0.01,2020-02-01T00:00:00,month
8115010,37,4,6,1,0.16,2020-02-01T00:00:00,month
8115011,37,4,7,1,0.06,2020-02-01T00:00:00,month
8115012,37,4,3,1,,2020-02-01T00:00:00,month
8115013,37,4,5,1,0.14,2020-02-01T00:00:00,month
8115330,37,2,4,1,2.83,2020-09-01T00:00:00,month
8115332,37,2,11,1,4.07,2020-09-01T00:00:00,month
8115333,37,2,3,1,2.5,2020-09-01T00:00:00,month
8115697,37,2,6,1,21.45,2025-03-01T00:00:00,month
8115698,37,2,1,1,14.35,2025-03-01T00:00:00,month
8115700,37,2,7,1,20.83,2025-03-01T00:00:00,month
8115702,37,2,3,1,17.65,2025-03-01T00:00:00,month
8115703,37,2,11,1,19.76,2025-03-01T00:00:00,month
8115705,37,2,4,1,20.46,2025-03-01T00:00:00,month
8116040,37,4,10,1,0.31,2020-12-01T00:00:00,month
8116041,37,4,9,1,0.26,2020-12-01T00:00:00,month
8116042,37,4,11,1,0.27,2020-12-01T00:00:00,month
8116045,37,4,8,1,0.38,2020-12-01T00:00:00,month
8116767,37,3,6,1,0.76,2025-03-01T00:00:00,month
8116768,37,3,1,1,0.01,2025-03-01T00:00:00,month
8116769,37,3,8,1,0.88,2025-03-01T00:00:00,month
8116770,37,3,2,1,0.01,2025-03-01T00:00:00,month
8117894,37,4,1,1,0.01,2023-10-01T00:00:00,month
8117896,37,4,5,1,0.69,2023-10-01T00:00:00,month
8117897,37,4,6,1,1.5,2023-10-01T00:00:00,month
8117899,37,4,7,1,0.92,2023-10-01T00:00:00,month
8117900,37,4,3,1,,2023-10-01T00:00:00,month
8117901,37,4,2,1,0.01,2023-10-01T00:00:00,month
8117902,37,4,4,1,1.53,2023-10-01T00:00:00,month
8117906,37,4,11,1,1.17,2023-10-01T00:00:00,month
8117909,37,4,10,1,,2023-10-01T00:00:00,month
8117910,37,4,9,1,1.17,2023-10-01T00:00:00,month
8117912,37,4,8,1,1.12,2023-10-01T00:00:00,month
8118428,37,4,1,1,0.01,2025-03-01T00:00:00,month
8118430,37,4,5,1,1.07,2025-03-01T00:00:00,month
8118431,37,4,6,1,1.92,2025-03-01T00:00:00,month
8118433,37,4,7,1,1.65,2025-03-01T00:00:00,month
8118434,37,4,3,1,,2025-03-01T00:00:00,month
8118435,37,4,2,1,0.01,2025-03-01T00:00:00,month
8118436,37,4,4,1,1.06,2025-03-01T00:00:00,month
8118512,37,4,11,1,1.06,2025-03-01T00:00:00,month
8118515,37,4,10,1,,2025-03-01T00:00:00,month
8118516,37,4,9,1,1.06,2025-03-01T00:00:00,month
8118518,37,4,8,1,1.75,2025-03-01T00:00:00,month
8118862,37,2,5,1,21.16,2025-03-01T00:00:00,month
8118863,37,2,9,1,20.04,2025-03-01T00:00:00,month
8118866,37,2,8,1,21.0,2025-03-01T00:00:00,month
8118867,37,2,10,1,15.05,2025-03-01T00:00:00,month
8118868,37,2,2,1,16.34,2025-03-01T00:00:00,month
8110812,37,2,5,1,6.91,2017-01-01T00:00:00,month
8110814,37,2,4,1,6.41,2017-01-01T00:00:00,month
8110816,37,2,7,1,6.5,2017-01-01T00:00:00,month
8110817,37,2,11,1,7.57,2017-01-01T00:00:00,month
8110818,37,2,3,1,6.9,2017-01-01T00:00:00,month
8110822,37,2,1,1,3.34,2017-01-01T00:00:00,month
8110823,37,2,6,1,7.08,2017-01-01T00:00:00,month
8110824,37,2,2,1,3.67,2017-01-01T00:00:00,month
8110825,37,2,10,1,7.95,2017-01-01T00:00:00,month
8111310,37,3,2,1,0.33,2017-01-01T00:00:00,month
8111311,37,3,6,1,1.12,2017-01-01T00:00:00,month
8111312,37,3,8,1,0.9,2017-01-01T00:00:00,month
8111314,37,3,1,1,0.2,2017-01-01T00:00:00,month
8111315,37,3,5,1,0.44,2017-01-01T00:00:00,month
8111319,37,3,11,1,1.58,2017-01-01T00:00:00,month
8111322,37,3,7,1,0.76,2017-01-01T00:00:00,month
8111324,37,3,4,1,0.45,2017-01-01T00:00:00,month
8111325,37,3,9,1,1.58,2017-01-01T00:00:00,month
8111327,37,3,3,1,0.52,2017-01-01T00:00:00,month
8111328,37,3,10,1,1.82,2017-01-01T00:00:00,month
8111329,37,3,11,1,0.53,2020-12-01T00:00:00,month
8111332,37,3,7,1,0.38,2020-12-01T00:00:00,month
8111336,37,3,5,1,0.29,2020-12-01T00:00:00,month
8111337,37,3,1,1,0.36,2020-12-01T00:00:00,month
8111339,37,3,6,1,0.33,2020-12-01T00:00:00,month
8111340,37,3,8,1,0.38,2020-12-01T00:00:00,month
8111341,37,3,2,1,0.51,2020-12-01T00:00:00,month
8111866,37,2,8,1,6.9,2017-01-01T00:00:00,month
8111869,37,2,9,1,7.56,2017-01-01T00:00:00,month
8111871,37,2,8,1,3.25,2020-12-01T00:00:00,month
8111873,37,2,2,1,2.64,2020-12-01T00:00:00,month
8111874,37,2,10,1,4.09,2020-12-01T00:00:00,month
8111875,37,2,6,1,3.44,2020-12-01T00:00:00,month
8111876,37,2,1,1,2.87,2020-12-01T00:00:00,month
8111877,37,2,5,1,3.21,2020-12-01T00:00:00,month
8111879,37,2,7,1,3.22,2020-12-01T00:00:00,month
8111881,37,2,3,1,2.32,2020-12-01T00:00:00,month
8111882,37,2,11,1,4.15,2020-12-01T00:00:00,month
8111884,37,2,4,1,2.7,2020-12-01T00:00:00,month
8113929,37,4,7,1,0.31,2017-01-01T00:00:00,month
8113930,37,4,5,1,0.36,2017-01-01T00:00:00,month
8113991,37,3,3,1,,2025-03-01T00:00:00,month
8113992,37,3,10,1,,2025-03-01T00:00:00,month
8113993,37,3,9,1,1.77,2025-03-01T00:00:00,month
8113996,37,3,4,1,2.08,2025-03-01T00:00:00,month
8113997,37,3,11,1,1.77,2025-03-01T00:00:00,month
8114000,37,3,5,1,1.09,2025-03-01T00:00:00,month
8114001,37,3,7,1,0.86,2025-03-01T00:00:00,month
8114037,37,4,1,1,0.01,2020-12-01T00:00:00,month
8114038,37,4,5,1,0.1,2020-12-01T00:00:00,month
8115748,37,2,4,1,15.76,2025-09-01T00:00:00,month
8115750,37,2,11,1,13.55,2025-09-01T00:00:00,month
8115895,37,2,3,1,14.96,2025-09-01T00:00:00,month
8115897,37,2,7,1,15.57,2025-09-01T00:00:00,month
8115899,37,2,1,1,10.81,2025-09-01T00:00:00,month
8115900,37,2,6,1,15.8,2025-09-01T00:00:00,month
8115901,37,2,2,1,10.97,2025-09-01T00:00:00,month
8115902,37,2,10,1,7.79,2025-09-01T00:00:00,month
8115903,37,2,8,1,15.71,2025-09-01T00:00:00,month
8115906,37,2,9,1,14.18,2025-09-01T00:00:00,month
8115907,37,2,5,1,15.65,2025-09-01T00:00:00,month
8116771,37,3,2,1,0.01,2025-09-01T00:00:00,month
8116772,37,3,8,1,0.66,2025-09-01T00:00:00,month
8116773,37,3,1,1,0.01,2025-09-01T00:00:00,month
8116774,37,3,6,1,0.52,2025-09-01T00:00:00,month
8116778,37,3,7,1,0.65,2025-09-01T00:00:00,month
8116779,37,3,5,1,1.21,2025-09-01T00:00:00,month
8116782,37,3,11,1,1.6,2025-09-01T00:00:00,month
8116783,37,3,4,1,2.03,2025-09-01T00:00:00,month
8116786,37,3,9,1,1.6,2025-09-01T00:00:00,month
8116787,37,3,10,1,,2025-09-01T00:00:00,month
8116788,37,3,3,1,,2025-09-01T00:00:00,month
8117733,37,4,8,1,0.45,2017-05-01T00:00:00,month
8117736,37,4,11,1,0.61,2017-05-01T00:00:00,month
8117737,37,4,9,1,0.61,2017-05-01T00:00:00,month
8117739,37,4,10,1,0.83,2017-05-01T00:00:00,month
8117744,37,4,3,1,0.17,2017-05-01T00:00:00,month
8117745,37,4,4,1,0.52,2017-05-01T00:00:00,month
8117747,37,4,1,1,0.04,2017-05-01T00:00:00,month
8117797,37,2,9,1,5.72,2018-07-01T00:00:00,month
8117798,37,2,2,1,3.54,2018-07-01T00:00:00,month
8117922,37,4,2,1,0.04,2017-05-01T00:00:00,month
8117923,37,4,6,1,0.49,2017-05-01T00:00:00,month
8117924,37,4,7,1,0.24,2017-05-01T00:00:00,month
8117925,37,4,5,1,0.29,2017-05-01T00:00:00,month
8118178,37,3,2,1,0.62,2018-07-01T00:00:00,month
8118179,37,3,8,1,1.85,2018-07-01T00:00:00,month
8118180,37,3,6,1,2.13,2018-07-01T00:00:00,month
8118182,37,3,1,1,0.36,2018-07-01T00:00:00,month
8118183,37,3,5,1,0.81,2018-07-01T00:00:00,month
8118466,37,4,8,1,0.3,2018-07-01T00:00:00,month
8118519,37,4,8,1,1.43,2025-09-01T00:00:00,month
8118589,37,4,9,1,1.57,2025-09-01T00:00:00,month
8118590,37,4,10,1,,2025-09-01T00:00:00,month
8118593,37,4,11,1,1.57,2025-09-01T00:00:00,month
8118597,37,4,4,1,,2025-09-01T00:00:00,month
8118598,37,4,2,1,0.01,2025-09-01T00:00:00,month
8118599,37,4,3,1,,2025-09-01T00:00:00,month
8118600,37,4,7,1,1.39,2025-09-01T00:00:00,month
8118602,37,4,6,1,1.53,2025-09-01T00:00:00,month
8118603,37,4,5,1,1.25,2025-09-01T00:00:00,month
8118605,37,4,1,1,0.01,2025-09-01T00:00:00,month
8118953,37,2,5,1,7.27,2017-05-01T00:00:00,month
8118955,37,2,4,1,6.05,2017-05-01T00:00:00,month
8118957,37,2,7,1,6.25,2017-05-01T00:00:00,month
8118958,37,2,11,1,7.13,2017-05-01T00:00:00,month
8118959,37,2,3,1,6.95,2017-05-01T00:00:00,month
8118963,37,2,1,1,2.6,2017-05-01T00:00:00,month
8118964,37,2,6,1,6.69,2017-05-01T00:00:00,month
8118965,37,2,2,1,3.57,2017-05-01T00:00:00,month
8110450,37,2,4,1,5.07,2014-05-01T00:00:00,month
8110452,37,2,11,1,7.56,2014-05-01T00:00:00,month
8110453,37,2,3,1,4.54,2014-05-01T00:00:00,month
8110457,37,2,5,1,5.68,2014-05-01T00:00:00,month
8110458,37,2,7,1,5.18,2014-05-01T00:00:00,month
8110459,37,2,1,1,1.28,2014-05-01T00:00:00,month
8110460,37,2,6,1,7.2,2014-05-01T00:00:00,month
8110461,37,2,10,1,6.97,2014-05-01T00:00:00,month
8110462,37,2,8,1,6.04,2014-05-01T00:00:00,month
8110465,37,2,9,1,7.61,2014-05-01T00:00:00,month
8110466,37,2,2,1,1.84,2014-05-01T00:00:00,month
8110805,37,2,4,1,4.39,2018-07-01T00:00:00,month
8110807,37,2,11,1,5.69,2018-07-01T00:00:00,month
8110808,37,2,3,1,4.85,2018-07-01T00:00:00,month
8111184,37,4,8,1,1.73,2014-05-01T00:00:00,month
8111187,37,4,11,1,2.74,2014-05-01T00:00:00,month
8111188,37,4,9,1,2.81,2014-05-01T00:00:00,month
8111189,37,4,10,1,2.06,2014-05-01T00:00:00,month
8111448,37,3,2,1,0.54,2021-07-01T00:00:00,month
8111449,37,3,8,1,0.46,2021-07-01T00:00:00,month
8111450,37,3,6,1,0.43,2021-07-01T00:00:00,month
8111452,37,3,1,1,0.04,2021-07-01T00:00:00,month
8111453,37,3,5,1,0.29,2021-07-01T00:00:00,month
8111456,37,3,7,1,0.46,2021-07-01T00:00:00,month
8111460,37,3,11,1,0.65,2021-07-01T00:00:00,month
8111461,37,3,4,1,0.46,2021-07-01T00:00:00,month
8111463,37,3,9,1,0.63,2021-07-01T00:00:00,month
8111464,37,3,10,1,0.98,2021-07-01T00:00:00,month
8111465,37,3,3,1,0.58,2021-07-01T00:00:00,month
8111557,37,4,11,1,0.52,2018-07-01T00:00:00,month
8111558,37,4,9,1,0.51,2018-07-01T00:00:00,month
8117163,37,4,8,1,0.18,2021-10-01T00:00:00,month
8117166,37,4,11,1,0.33,2021-10-01T00:00:00,month
8117167,37,4,9,1,0.33,2021-10-01T00:00:00,month
8117168,37,4,10,1,0.34,2021-10-01T00:00:00,month
8117175,37,4,4,1,0.1,2021-10-01T00:00:00,month
8117176,37,4,2,1,0.01,2021-10-01T00:00:00,month
8117177,37,4,3,1,,2021-10-01T00:00:00,month
8117178,37,4,7,1,0.01,2021-10-01T00:00:00,month
8117179,37,4,6,1,0.2,2021-10-01T00:00:00,month
8117180,37,4,1,1,0.01,2021-10-01T00:00:00,month
8117181,37,4,5,1,0.11,2021-10-01T00:00:00,month
8117799,37,2,2,1,4.13,2018-11-01T00:00:00,month
8117800,37,2,9,1,6.57,2018-11-01T00:00:00,month
8117803,37,2,8,1,5.66,2018-11-01T00:00:00,month
8117804,37,2,10,1,5.89,2018-11-01T00:00:00,month
8117805,37,2,6,1,6.06,2018-11-01T00:00:00,month
8117806,37,2,1,1,3.69,2018-11-01T00:00:00,month
8117807,37,2,7,1,5.54,2018-11-01T00:00:00,month
8117808,37,2,5,1,5.51,2018-11-01T00:00:00,month
8117812,37,2,3,1,4.57,2018-11-01T00:00:00,month
8117813,37,2,11,1,6.56,2018-11-01T00:00:00,month
8117815,37,2,4,1,4.69,2018-11-01T00:00:00,month
8117926,37,4,5,1,0.32,2017-09-01T00:00:00,month
8117927,37,4,7,1,0.19,2017-09-01T00:00:00,month
8117928,37,4,6,1,0.41,2017-09-01T00:00:00,month
8117929,37,4,2,1,0.04,2017-09-01T00:00:00,month
8118001,37,4,1,1,0.04,2017-09-01T00:00:00,month
8118003,37,4,4,1,0.41,2017-09-01T00:00:00,month
8118004,37,4,3,1,0.18,2017-09-01T00:00:00,month
8118009,37,4,10,1,0.94,2017-09-01T00:00:00,month
8118011,37,4,9,1,0.61,2017-09-01T00:00:00,month
8118012,37,4,11,1,0.65,2017-09-01T00:00:00,month
8118015,37,4,8,1,0.39,2017-09-01T00:00:00,month
8118928,37,3,9,1,0.65,2021-10-01T00:00:00,month
8118930,37,3,3,1,0.42,2021-10-01T00:00:00,month
8118931,37,3,10,1,1.06,2021-10-01T00:00:00,month
8111849,37,2,9,1,6.9,2017-09-01T00:00:00,month
8112068,37,2,8,1,6.28,2017-09-01T00:00:00,month
8112069,37,2,10,1,6.18,2017-09-01T00:00:00,month
8112070,37,2,2,1,3.45,2017-09-01T00:00:00,month
8112071,37,2,6,1,6.09,2017-09-01T00:00:00,month
8112072,37,2,1,1,2.34,2017-09-01T00:00:00,month
8112076,37,2,3,1,6.25,2017-09-01T00:00:00,month
8112077,37,2,11,1,6.89,2017-09-01T00:00:00,month
8112078,37,2,7,1,6.07,2017-09-01T00:00:00,month
8112080,37,2,4,1,6.48,2017-09-01T00:00:00,month
8112082,37,2,5,1,6.36,2017-09-01T00:00:00,month
8112241,37,3,2,1,0.42,2021-10-01T00:00:00,month
8112242,37,3,8,1,0.47,2021-10-01T00:00:00,month
8112243,37,3,6,1,0.49,2021-10-01T00:00:00,month
8112245,37,3,1,1,0.41,2021-10-01T00:00:00,month
8112246,37,3,5,1,0.46,2021-10-01T00:00:00,month
8112249,37,3,7,1,0.46,2021-10-01T00:00:00,month
8112253,37,3,11,1,0.71,2021-10-01T00:00:00,month
8112254,37,3,4,1,0.35,2021-10-01T00:00:00,month
8112579,37,3,2,1,0.01,2026-01-01T00:00:00,month
8112580,37,3,6,1,1.83,2026-01-01T00:00:00,month
8112581,37,3,8,1,1.47,2026-01-01T00:00:00,month
8112583,37,3,1,1,0.01,2026-01-01T00:00:00,month
8112584,37,3,5,1,0.79,2026-01-01T00:00:00,month
8112588,37,3,7,1,1.44,2026-01-01T00:00:00,month
8112590,37,3,11,1,1.57,2026-01-01T00:00:00,month
8112591,37,3,4,1,2.41,2026-01-01T00:00:00,month
8112592,37,3,9,1,1.57,2026-01-01T00:00:00,month
8112594,37,3,3,1,,2026-01-01T00:00:00,month
8112595,37,3,10,1,,2026-01-01T00:00:00,month
8113301,37,3,10,1,3.47,2018-11-01T00:00:00,month
8113302,37,3,9,1,3.14,2018-11-01T00:00:00,month
8113303,37,3,4,1,0.8,2018-11-01T00:00:00,month
8113304,37,3,3,1,0.94,2018-11-01T00:00:00,month
8113307,37,3,7,1,3.03,2018-11-01T00:00:00,month
8113309,37,3,11,1,3.17,2018-11-01T00:00:00,month
8113313,37,3,5,1,1.09,2018-11-01T00:00:00,month
8113314,37,3,1,1,0.86,2018-11-01T00:00:00,month
8113448,37,2,4,1,3.38,2021-10-01T00:00:00,month
8113450,37,2,5,1,3.67,2021-10-01T00:00:00,month
8113451,37,2,11,1,5.93,2021-10-01T00:00:00,month
8113452,37,2,3,1,3.06,2021-10-01T00:00:00,month
8113454,37,2,7,1,4.14,2021-10-01T00:00:00,month
8113456,37,2,6,1,4.44,2021-10-01T00:00:00,month
8113457,37,2,10,1,6.21,2021-10-01T00:00:00,month
8113458,37,2,8,1,4.14,2021-10-01T00:00:00,month
8113529,37,4,8,1,0.94,2026-01-01T00:00:00,month
8113532,37,4,11,1,2.01,2026-01-01T00:00:00,month
8113533,37,4,9,1,2.01,2026-01-01T00:00:00,month
8113535,37,4,10,1,,2026-01-01T00:00:00,month
8113540,37,4,4,1,,2026-01-01T00:00:00,month
8113542,37,4,2,1,0.01,2026-01-01T00:00:00,month
8113543,37,4,3,1,,2026-01-01T00:00:00,month
8113544,37,4,7,1,0.9,2026-01-01T00:00:00,month
8113545,37,4,5,1,0.91,2026-01-01T00:00:00,month
8115812,37,3,3,1,,2024-04-01T00:00:00,month
8115813,37,3,10,1,,2024-04-01T00:00:00,month
8115814,37,3,9,1,1.67,2024-04-01T00:00:00,month
8115817,37,3,4,1,1.99,2024-04-01T00:00:00,month
8115818,37,3,11,1,1.67,2024-04-01T00:00:00,month
8115821,37,3,5,1,1.81,2024-04-01T00:00:00,month
8115822,37,3,7,1,1.43,2024-04-01T00:00:00,month
8115969,37,3,6,1,1.4,2024-04-01T00:00:00,month
8116584,37,2,9,1,5.76,2018-08-01T00:00:00,month
8116587,37,2,8,1,5.13,2018-08-01T00:00:00,month
8116588,37,2,10,1,5.14,2018-08-01T00:00:00,month
8116589,37,2,2,1,3.97,2018-08-01T00:00:00,month
8116590,37,2,6,1,5.09,2018-08-01T00:00:00,month
8116591,37,2,1,1,3.66,2018-08-01T00:00:00,month
8116595,37,2,3,1,4.8,2018-08-01T00:00:00,month
8116596,37,2,11,1,5.73,2018-08-01T00:00:00,month
8116597,37,2,7,1,5.04,2018-08-01T00:00:00,month
8116599,37,2,4,1,4.39,2018-08-01T00:00:00,month
8116601,37,2,5,1,5.44,2018-08-01T00:00:00,month
8116967,37,4,8,1,0.25,2018-08-01T00:00:00,month
8118249,37,4,1,1,0.04,2024-04-01T00:00:00,month
8118251,37,4,5,1,1.18,2024-04-01T00:00:00,month
8118252,37,4,6,1,1.75,2024-04-01T00:00:00,month
8118254,37,4,7,1,1.48,2024-04-01T00:00:00,month
8118255,37,4,3,1,,2024-04-01T00:00:00,month
8118256,37,4,2,1,0.04,2024-04-01T00:00:00,month
8118257,37,4,4,1,,2024-04-01T00:00:00,month
8118261,37,4,11,1,1.24,2024-04-01T00:00:00,month
8118264,37,4,10,1,,2024-04-01T00:00:00,month
8118265,37,4,9,1,1.24,2024-04-01T00:00:00,month
8118267,37,4,8,1,1.56,2024-04-01T00:00:00,month
8118703,37,4,5,1,0.22,2018-08-01T00:00:00,month
8118704,37,4,7,1,0.19,2018-08-01T00:00:00,month
8118705,37,4,6,1,0.26,2018-08-01T00:00:00,month
8118706,37,4,2,1,0.07,2018-08-01T00:00:00,month
8118707,37,4,1,1,0.07,2018-08-01T00:00:00,month
8118709,37,4,4,1,0.16,2018-08-01T00:00:00,month
8118710,37,4,3,1,0.11,2018-08-01T00:00:00,month
8118715,37,4,10,1,0.5,2018-08-01T00:00:00,month
8118717,37,4,9,1,0.42,2018-08-01T00:00:00,month
8118718,37,4,11,1,0.46,2018-08-01T00:00:00,month
8111435,37,3,11,1,0.59,2021-06-01T00:00:00,month
8111439,37,3,7,1,0.45,2021-06-01T00:00:00,month
8111442,37,3,5,1,0.29,2021-06-01T00:00:00,month
8111443,37,3,1,1,0.05,2021-06-01T00:00:00,month
8111445,37,3,6,1,0.44,2021-06-01T00:00:00,month
8111446,37,3,8,1,0.46,2021-06-01T00:00:00,month
8111447,37,3,2,1,0.56,2021-06-01T00:00:00,month
8111689,37,3,3,1,0.62,2021-06-01T00:00:00,month
8111690,37,3,10,1,0.88,2021-06-01T00:00:00,month
8111691,37,3,9,1,0.57,2021-06-01T00:00:00,month
8111693,37,3,4,1,0.46,2021-06-01T00:00:00,month
8112208,37,3,10,1,2.88,2018-08-01T00:00:00,month
8112209,37,3,3,1,0.87,2018-08-01T00:00:00,month
8113070,37,3,2,1,0.72,2015-10-01T00:00:00,month
8113071,37,3,8,1,2.06,2015-10-01T00:00:00,month
8113072,37,3,6,1,2.67,2015-10-01T00:00:00,month
8113074,37,3,1,1,0.56,2015-10-01T00:00:00,month
8113141,37,3,5,1,1.53,2015-10-01T00:00:00,month
8113145,37,3,11,1,3.15,2015-10-01T00:00:00,month
8113439,37,3,7,1,1.9,2015-10-01T00:00:00,month
8113442,37,3,3,1,1.23,2015-10-01T00:00:00,month
8113443,37,3,4,1,0.83,2015-10-01T00:00:00,month
8113444,37,3,9,1,3.2,2015-10-01T00:00:00,month
8113445,37,3,10,1,1.91,2015-10-01T00:00:00,month
8113570,37,2,4,1,7.65,2015-10-01T00:00:00,month
8113572,37,2,11,1,9.28,2015-10-01T00:00:00,month
8113573,37,2,3,1,8.95,2015-10-01T00:00:00,month
8113577,37,2,5,1,8.8,2015-10-01T00:00:00,month
8113578,37,2,7,1,8.45,2015-10-01T00:00:00,month
8113579,37,2,1,1,2.02,2015-10-01T00:00:00,month
8113580,37,2,6,1,9.65,2015-10-01T00:00:00,month
8113581,37,2,10,1,6.73,2015-10-01T00:00:00,month
8113582,37,2,8,1,8.9,2015-10-01T00:00:00,month
8113590,37,3,9,1,2.05,2018-08-01T00:00:00,month
8113591,37,3,4,1,0.36,2018-08-01T00:00:00,month
8113593,37,3,7,1,1.32,2018-08-01T00:00:00,month
8113596,37,3,11,1,2.18,2018-08-01T00:00:00,month
8113600,37,3,5,1,0.78,2018-08-01T00:00:00,month
8113601,37,3,1,1,0.73,2018-08-01T00:00:00,month
8113603,37,3,8,1,1.36,2018-08-01T00:00:00,month
8113604,37,3,6,1,1.68,2018-08-01T00:00:00,month
8113605,37,3,2,1,0.82,2018-08-01T00:00:00,month
8113731,37,2,9,1,9.37,2015-10-01T00:00:00,month
8113732,37,2,2,1,3.01,2015-10-01T00:00:00,month
8113853,37,4,1,1,0.01,2021-06-01T00:00:00,month
8113854,37,4,5,1,0.1,2021-06-01T00:00:00,month
8113855,37,4,6,1,0.39,2021-06-01T00:00:00,month
8113856,37,4,7,1,0.35,2021-06-01T00:00:00,month
8113857,37,4,3,1,,2021-06-01T00:00:00,month
8113858,37,4,2,1,0.01,2021-06-01T00:00:00,month
8116020,37,2,5,1,5.78,2019-07-01T00:00:00,month
8116022,37,2,4,1,5.35,2019-07-01T00:00:00,month
8116024,37,2,7,1,5.72,2019-07-01T00:00:00,month
8116025,37,2,11,1,6.75,2019-07-01T00:00:00,month
8116026,37,2,3,1,4.75,2019-07-01T00:00:00,month
8116030,37,2,1,1,3.92,2019-07-01T00:00:00,month
8116031,37,2,6,1,6.02,2019-07-01T00:00:00,month
8116032,37,2,2,1,4.45,2019-07-01T00:00:00,month
8116033,37,2,10,1,6.41,2019-07-01T00:00:00,month
8116034,37,2,8,1,5.79,2019-07-01T00:00:00,month
8116037,37,2,9,1,6.76,2019-07-01T00:00:00,month
8116154,37,4,8,1,0.36,2019-07-01T00:00:00,month
8116157,37,4,11,1,0.41,2019-07-01T00:00:00,month
8116158,37,4,9,1,0.42,2019-07-01T00:00:00,month
8116160,37,4,10,1,0.4,2019-07-01T00:00:00,month
8116165,37,4,3,1,,2019-07-01T00:00:00,month
8116166,37,4,4,1,0.32,2019-07-01T00:00:00,month
8116168,37,4,1,1,0.08,2019-07-01T00:00:00,month
8116169,37,4,2,1,0.08,2019-07-01T00:00:00,month
8116170,37,4,6,1,0.44,2019-07-01T00:00:00,month
8116171,37,4,7,1,0.24,2019-07-01T00:00:00,month
8116172,37,4,5,1,0.24,2019-07-01T00:00:00,month
8116604,37,2,5,1,5.21,2018-10-01T00:00:00,month
8116606,37,2,4,1,4.59,2018-10-01T00:00:00,month
8116663,37,4,8,1,0.63,2021-04-01T00:00:00,month
8116666,37,4,11,1,0.46,2021-04-01T00:00:00,month
8116667,37,4,9,1,0.49,2021-04-01T00:00:00,month
8116668,37,4,10,1,0.34,2021-04-01T00:00:00,month
8116675,37,4,4,1,0.1,2021-04-01T00:00:00,month
8116676,37,4,2,1,0.01,2021-04-01T00:00:00,month
8116677,37,4,3,1,,2021-04-01T00:00:00,month
8116678,37,4,7,1,0.18,2021-04-01T00:00:00,month
8116679,37,4,6,1,0.83,2021-04-01T00:00:00,month
8116680,37,4,1,1,0.01,2021-04-01T00:00:00,month
8116681,37,4,5,1,0.16,2021-04-01T00:00:00,month
8116968,37,4,8,1,0.32,2018-10-01T00:00:00,month
8116971,37,4,11,1,0.44,2018-10-01T00:00:00,month
8116972,37,4,9,1,0.43,2018-10-01T00:00:00,month
8116974,37,4,10,1,0.57,2018-10-01T00:00:00,month
8116986,37,3,2,1,0.38,2022-01-01T00:00:00,month
8116987,37,3,8,1,0.42,2022-01-01T00:00:00,month
8116988,37,3,6,1,0.42,2022-01-01T00:00:00,month
8116990,37,3,1,1,0.02,2022-01-01T00:00:00,month
8116991,37,3,5,1,0.31,2022-01-01T00:00:00,month
8116994,37,3,7,1,0.4,2022-01-01T00:00:00,month
8116998,37,3,11,1,0.83,2022-01-01T00:00:00,month
8116999,37,3,4,1,0.3,2022-01-01T00:00:00,month
8117001,37,3,9,1,0.68,2022-01-01T00:00:00,month
8117362,37,2,7,1,5.14,2018-10-01T00:00:00,month
8117363,37,2,11,1,6.02,2018-10-01T00:00:00,month
8117364,37,2,3,1,4.35,2018-10-01T00:00:00,month
8117368,37,2,1,1,4.17,2018-10-01T00:00:00,month
8117369,37,2,6,1,5.52,2018-10-01T00:00:00,month
8117370,37,2,2,1,4.26,2018-10-01T00:00:00,month
8117371,37,2,10,1,5.17,2018-10-01T00:00:00,month
8117372,37,2,8,1,5.21,2018-10-01T00:00:00,month
8117375,37,2,9,1,6.05,2018-10-01T00:00:00,month
8118297,37,3,10,1,3.38,2019-03-01T00:00:00,month
8118298,37,3,3,1,0.94,2019-03-01T00:00:00,month
8118300,37,3,9,1,3.39,2019-03-01T00:00:00,month
8118301,37,3,4,1,0.86,2019-03-01T00:00:00,month
8118302,37,3,11,1,3.39,2019-03-01T00:00:00,month
8118305,37,3,7,1,1.94,2019-03-01T00:00:00,month
8118309,37,3,5,1,1.68,2019-03-01T00:00:00,month
8118310,37,3,1,1,0.52,2019-03-01T00:00:00,month
8118312,37,3,6,1,2.38,2019-03-01T00:00:00,month
8118313,37,3,8,1,2.02,2019-03-01T00:00:00,month
8118314,37,3,2,1,0.78,2019-03-01T00:00:00,month
8111197,37,4,1,1,0.06,2019-03-01T00:00:00,month
8111198,37,4,5,1,0.43,2019-03-01T00:00:00,month
8111199,37,4,6,1,0.33,2019-03-01T00:00:00,month
8111200,37,4,7,1,0.34,2019-03-01T00:00:00,month
8111201,37,4,3,1,0.37,2019-03-01T00:00:00,month
8111202,37,4,2,1,0.2,2019-03-01T00:00:00,month
8111203,37,4,4,1,0.38,2019-03-01T00:00:00,month
8111483,37,3,2,1,0.55,2021-04-01T00:00:00,month
8111484,37,3,8,1,0.39,2021-04-01T00:00:00,month
8111485,37,3,6,1,0.34,2021-04-01T00:00:00,month
8111487,37,3,1,1,0.05,2021-04-01T00:00:00,month
8111488,37,3,5,1,0.36,2021-04-01T00:00:00,month
8111491,37,3,7,1,0.38,2021-04-01T00:00:00,month
8111783,37,3,11,1,0.59,2021-04-01T00:00:00,month
8111784,37,3,4,1,0.45,2021-04-01T00:00:00,month
8111786,37,3,9,1,0.54,2021-04-01T00:00:00,month
8111788,37,3,3,1,0.62,2021-04-01T00:00:00,month
8111789,37,3,10,1,1.1,2021-04-01T00:00:00,month
8112000,37,4,10,1,1.01,2019-03-01T00:00:00,month
8112001,37,4,9,1,0.48,2019-03-01T00:00:00,month
8112002,37,4,11,1,0.56,2019-03-01T00:00:00,month
8112005,37,4,8,1,0.36,2019-03-01T00:00:00,month
8112062,37,4,8,1,0.23,2022-01-01T00:00:00,month
8118784,37,3,9,1,0.81,2020-05-01T00:00:00,month
8118786,37,3,3,1,0.2,2020-05-01T00:00:00,month
8118787,37,3,10,1,1.24,2020-05-01T00:00:00,month
8118804,37,2,2,1,3.37,2020-05-01T00:00:00,month
8118805,37,2,1,1,2.86,2020-05-01T00:00:00,month
8118808,37,2,9,1,5.02,2020-05-01T00:00:00,month
8112497,37,4,5,1,1.57,2014-12-01T00:00:00,month
8112498,37,4,3,1,1.05,2014-12-01T00:00:00,month
8112499,37,4,7,1,2.0,2014-12-01T00:00:00,month
8112500,37,4,6,1,2.89,2014-12-01T00:00:00,month
8112501,37,4,2,1,0.41,2014-12-01T00:00:00,month
8112544,37,2,9,1,8.47,2014-12-01T00:00:00,month
8112547,37,2,8,1,6.75,2014-12-01T00:00:00,month
8112548,37,2,10,1,7.32,2014-12-01T00:00:00,month
8112549,37,2,2,1,3.22,2014-12-01T00:00:00,month
8112550,37,2,6,1,8.13,2014-12-01T00:00:00,month
8112551,37,2,1,1,2.81,2014-12-01T00:00:00,month
8112717,37,4,4,1,1.07,2014-12-01T00:00:00,month
8112718,37,4,1,1,0.3,2014-12-01T00:00:00,month
8112850,37,2,1,1,7.09,2024-06-01T00:00:00,month
8112854,37,2,3,1,13.07,2024-06-01T00:00:00,month
8112855,37,2,11,1,11.43,2024-06-01T00:00:00,month
8112856,37,2,7,1,14.98,2024-06-01T00:00:00,month
8112858,37,2,4,1,15.47,2024-06-01T00:00:00,month
8113054,37,3,10,1,3.53,2014-12-01T00:00:00,month
8113055,37,3,9,1,3.86,2014-12-01T00:00:00,month
8113057,37,3,4,1,1.45,2014-12-01T00:00:00,month
8113058,37,3,3,1,1.31,2014-12-01T00:00:00,month
8113062,37,3,7,1,2.26,2014-12-01T00:00:00,month
8113063,37,3,11,1,3.83,2014-12-01T00:00:00,month
8113075,37,2,5,1,14.67,2024-06-01T00:00:00,month
8113317,37,3,10,1,2.18,2016-03-01T00:00:00,month
8113318,37,3,9,1,2.34,2016-03-01T00:00:00,month
8113319,37,3,4,1,0.49,2016-03-01T00:00:00,month
8113320,37,3,3,1,0.48,2016-03-01T00:00:00,month
8113323,37,3,7,1,1.62,2016-03-01T00:00:00,month
8113391,37,4,8,1,0.36,2020-05-01T00:00:00,month
8113394,37,4,11,1,0.24,2020-05-01T00:00:00,month
8113395,37,4,9,1,0.24,2020-05-01T00:00:00,month
8113396,37,4,10,1,,2020-05-01T00:00:00,month
8113403,37,4,4,1,0.23,2020-05-01T00:00:00,month
8113404,37,4,2,1,0.01,2020-05-01T00:00:00,month
8113405,37,4,3,1,,2020-05-01T00:00:00,month
8113406,37,4,7,1,0.08,2020-05-01T00:00:00,month
8113407,37,4,6,1,0.28,2020-05-01T00:00:00,month
8113408,37,4,1,1,0.01,2020-05-01T00:00:00,month
8113409,37,4,5,1,0.9,2020-05-01T00:00:00,month
8113679,37,3,2,1,0.01,2023-05-01T00:00:00,month
8113680,37,3,8,1,1.18,2023-05-01T00:00:00,month
8113681,37,3,1,1,0.01,2023-05-01T00:00:00,month
8113682,37,3,6,1,1.22,2023-05-01T00:00:00,month
8113733,37,2,2,1,3.75,2016-03-01T00:00:00,month
8113774,37,3,10,1,,2024-07-01T00:00:00,month
8113775,37,3,3,1,,2024-07-01T00:00:00,month
8113777,37,3,9,1,1.74,2024-07-01T00:00:00,month
8113780,37,3,4,1,1.37,2024-07-01T00:00:00,month
8113781,37,3,11,1,1.74,2024-07-01T00:00:00,month
8113784,37,3,5,1,1.79,2024-07-01T00:00:00,month
8113785,37,3,7,1,1.78,2024-07-01T00:00:00,month
8114002,37,3,6,1,1.84,2024-07-01T00:00:00,month
8114003,37,3,1,1,0.01,2024-07-01T00:00:00,month
8114004,37,3,8,1,1.79,2024-07-01T00:00:00,month
8114005,37,3,2,1,0.01,2024-07-01T00:00:00,month
8114361,37,2,9,1,12.03,2024-06-01T00:00:00,month
8114364,37,2,8,1,15.09,2024-06-01T00:00:00,month
8114365,37,2,10,1,7.66,2024-06-01T00:00:00,month
8114366,37,2,2,1,8.55,2024-06-01T00:00:00,month
8114367,37,2,6,1,15.23,2024-06-01T00:00:00,month
8114368,37,2,9,1,9.13,2016-03-01T00:00:00,month
8114371,37,2,8,1,7.97,2016-03-01T00:00:00,month
8114372,37,2,10,1,7.04,2016-03-01T00:00:00,month
8114373,37,2,6,1,8.54,2016-03-01T00:00:00,month
8114374,37,2,1,1,3.06,2016-03-01T00:00:00,month
8114375,37,2,7,1,7.68,2016-03-01T00:00:00,month
8114550,37,3,7,1,1.14,2023-05-01T00:00:00,month
8114551,37,3,5,1,1.14,2023-05-01T00:00:00,month
8114554,37,3,11,1,1.13,2023-05-01T00:00:00,month
8114555,37,3,4,1,0.54,2023-05-01T00:00:00,month
8114558,37,3,9,1,1.13,2023-05-01T00:00:00,month
8114559,37,3,10,1,,2023-05-01T00:00:00,month
8114560,37,3,3,1,,2023-05-01T00:00:00,month
8114595,37,2,11,1,7.44,2023-05-01T00:00:00,month
8114596,37,2,3,1,4.4,2023-05-01T00:00:00,month
8114598,37,2,7,1,5.63,2023-05-01T00:00:00,month
8114743,37,2,1,1,3.77,2023-05-01T00:00:00,month
8114744,37,2,6,1,6.31,2023-05-01T00:00:00,month
8114745,37,2,2,1,4.2,2023-05-01T00:00:00,month
8114746,37,2,10,1,7.94,2023-05-01T00:00:00,month
8114747,37,2,8,1,5.68,2023-05-01T00:00:00,month
8114750,37,2,9,1,7.39,2023-05-01T00:00:00,month
8114751,37,2,5,1,5.75,2023-05-01T00:00:00,month
8116840,37,2,1,1,11.33,2025-05-01T00:00:00,month
8116844,37,2,3,1,14.86,2025-05-01T00:00:00,month
8116845,37,2,11,1,18.28,2025-05-01T00:00:00,month
8116846,37,2,7,1,19.16,2025-05-01T00:00:00,month
8116848,37,2,4,1,19.65,2025-05-01T00:00:00,month
8116850,37,2,5,1,19.18,2025-05-01T00:00:00,month
8117237,37,4,5,1,0.93,2025-05-01T00:00:00,month
8117238,37,4,7,1,1.23,2025-05-01T00:00:00,month
8117291,37,4,1,1,0.02,2022-07-01T00:00:00,month
8117292,37,4,5,1,0.38,2022-07-01T00:00:00,month
8117293,37,4,6,1,1.22,2022-07-01T00:00:00,month
8117294,37,4,7,1,0.45,2022-07-01T00:00:00,month
8117295,37,4,3,1,,2022-07-01T00:00:00,month
8117296,37,4,2,1,0.02,2022-07-01T00:00:00,month
8117297,37,4,4,1,0.62,2022-07-01T00:00:00,month
8117304,37,4,10,1,0.84,2022-07-01T00:00:00,month
8117305,37,4,9,1,0.85,2022-07-01T00:00:00,month
8117306,37,4,11,1,0.85,2022-07-01T00:00:00,month
8117309,37,4,8,1,0.46,2022-07-01T00:00:00,month
8117500,37,3,5,1,1.31,2025-05-01T00:00:00,month
8117501,37,3,1,1,0.01,2025-05-01T00:00:00,month
8117503,37,3,8,1,2.71,2025-05-01T00:00:00,month
8117504,37,3,6,1,2.77,2025-05-01T00:00:00,month
8117505,37,3,2,1,0.01,2025-05-01T00:00:00,month
8117703,37,2,1,1,2.54,2016-11-01T00:00:00,month
8117704,37,2,6,1,5.51,2016-11-01T00:00:00,month
8117705,37,2,2,1,3.25,2016-11-01T00:00:00,month
8117706,37,2,10,1,7.83,2016-11-01T00:00:00,month
8117707,37,2,8,1,6.22,2016-11-01T00:00:00,month
8117710,37,2,9,1,7.64,2016-11-01T00:00:00,month
8118188,37,3,3,1,0.53,2016-11-01T00:00:00,month
8118189,37,3,4,1,0.27,2016-11-01T00:00:00,month
8118191,37,3,9,1,1.45,2016-11-01T00:00:00,month
8118192,37,3,10,1,2.27,2016-11-01T00:00:00,month
8118319,37,4,8,1,0.56,2016-11-01T00:00:00,month
8118322,37,4,11,1,0.51,2016-11-01T00:00:00,month
8118323,37,4,9,1,0.5,2016-11-01T00:00:00,month
8118324,37,4,10,1,0.84,2016-11-01T00:00:00,month
8118331,37,4,1,1,0.19,2016-11-01T00:00:00,month
8118332,37,4,4,1,0.26,2016-11-01T00:00:00,month
8118741,37,4,8,1,0.27,2019-09-01T00:00:00,month
8118744,37,4,11,1,0.42,2019-09-01T00:00:00,month
8118745,37,4,9,1,0.44,2019-09-01T00:00:00,month
8118746,37,4,10,1,0.36,2019-09-01T00:00:00,month
8118753,37,4,4,1,0.25,2019-09-01T00:00:00,month
8118754,37,4,2,1,0.08,2019-09-01T00:00:00,month
8118755,37,4,3,1,0.11,2019-09-01T00:00:00,month
8118756,37,4,7,1,0.19,2019-09-01T00:00:00,month
8118757,37,4,6,1,0.34,2019-09-01T00:00:00,month
8118758,37,4,5,1,0.13,2019-09-01T00:00:00,month
8118759,37,4,1,1,0.08,2019-09-01T00:00:00,month
8110662,37,3,2,1,0.38,2016-11-01T00:00:00,month
8110663,37,3,8,1,0.77,2016-11-01T00:00:00,month
8110664,37,3,6,1,0.93,2016-11-01T00:00:00,month
8110666,37,3,1,1,0.25,2016-11-01T00:00:00,month
8110667,37,3,5,1,0.48,2016-11-01T00:00:00,month
8110671,37,3,11,1,1.46,2016-11-01T00:00:00,month
8110672,37,3,7,1,0.71,2016-11-01T00:00:00,month
8110911,37,3,2,1,0.72,2019-09-01T00:00:00,month
8110912,37,3,8,1,1.21,2019-09-01T00:00:00,month
8110913,37,3,6,1,1.32,2019-09-01T00:00:00,month
8110962,37,3,10,1,,2025-05-01T00:00:00,month
8110963,37,3,3,1,,2025-05-01T00:00:00,month
8110965,37,3,9,1,1.58,2025-05-01T00:00:00,month
8110966,37,3,4,1,2.48,2025-05-01T00:00:00,month
8110968,37,3,7,1,2.7,2025-05-01T00:00:00,month
8110971,37,3,11,1,1.58,2025-05-01T00:00:00,month
8110989,37,2,5,1,7.22,2016-11-01T00:00:00,month
8110990,37,2,7,1,6.01,2016-11-01T00:00:00,month
8110991,37,2,11,1,7.65,2016-11-01T00:00:00,month
8110992,37,2,3,1,6.95,2016-11-01T00:00:00,month
8111204,37,3,1,1,0.43,2019-09-01T00:00:00,month
8111205,37,3,5,1,1.12,2019-09-01T00:00:00,month
8111209,37,3,7,1,1.17,2019-09-01T00:00:00,month
8111212,37,3,11,1,1.7,2019-09-01T00:00:00,month
8111213,37,3,4,1,0.92,2019-09-01T00:00:00,month
8111214,37,3,9,1,1.66,2019-09-01T00:00:00,month
8111216,37,3,3,1,0.99,2019-09-01T00:00:00,month
8111217,37,3,10,1,2.17,2019-09-01T00:00:00,month
8111911,37,2,4,1,4.66,2019-09-01T00:00:00,month
8111913,37,2,11,1,6.49,2019-09-01T00:00:00,month
8111914,37,2,3,1,4.68,2019-09-01T00:00:00,month
8111916,37,2,7,1,5.18,2019-09-01T00:00:00,month
8111918,37,2,5,1,5.33,2019-09-01T00:00:00,month
8111919,37,2,1,1,3.86,2019-09-01T00:00:00,month
8111920,37,2,6,1,5.64,2019-09-01T00:00:00,month
8111921,37,2,10,1,6.16,2019-09-01T00:00:00,month
8111922,37,2,2,1,4.28,2019-09-01T00:00:00,month
8111924,37,2,8,1,5.27,2019-09-01T00:00:00,month
8111927,37,2,9,1,6.51,2019-09-01T00:00:00,month
8112235,37,2,4,1,5.65,2016-11-01T00:00:00,month
8111543,37,4,9,1,3.39,2015-07-01T00:00:00,month
8111544,37,4,11,1,3.35,2015-07-01T00:00:00,month
8111547,37,4,8,1,2.36,2015-07-01T00:00:00,month
8111603,37,2,9,1,7.17,2014-04-01T00:00:00,month
8111606,37,2,8,1,5.91,2014-04-01T00:00:00,month
8111607,37,2,10,1,7.08,2014-04-01T00:00:00,month
8111608,37,2,2,1,1.79,2014-04-01T00:00:00,month
8111609,37,2,1,1,1.57,2014-04-01T00:00:00,month
8111610,37,2,6,1,7.02,2014-04-01T00:00:00,month
8111631,37,2,3,1,4.74,2014-04-01T00:00:00,month
8111632,37,2,11,1,7.17,2014-04-01T00:00:00,month
8111633,37,2,7,1,5.07,2014-04-01T00:00:00,month
8111634,37,2,5,1,5.64,2014-04-01T00:00:00,month
8111642,37,3,11,1,2.55,2014-04-01T00:00:00,month
8111646,37,3,5,1,1.87,2014-04-01T00:00:00,month
8111647,37,3,1,1,0.33,2014-04-01T00:00:00,month
8111965,37,2,9,1,4.17,2021-01-01T00:00:00,month
8111968,37,2,8,1,3.42,2021-01-01T00:00:00,month
8111969,37,2,10,1,4.21,2021-01-01T00:00:00,month
8111970,37,2,2,1,2.38,2021-01-01T00:00:00,month
8111971,37,2,6,1,3.6,2021-01-01T00:00:00,month
8111972,37,2,1,1,2.37,2021-01-01T00:00:00,month
8112411,37,2,3,1,2.4,2021-01-01T00:00:00,month
8112412,37,2,11,1,4.17,2021-01-01T00:00:00,month
8112413,37,2,7,1,3.38,2021-01-01T00:00:00,month
8112414,37,2,5,1,3.57,2021-01-01T00:00:00,month
8112416,37,2,4,1,2.96,2021-01-01T00:00:00,month
8112697,37,2,3,1,10.04,2015-07-01T00:00:00,month
8112698,37,2,11,1,10.22,2015-07-01T00:00:00,month
8112699,37,2,7,1,9.39,2015-07-01T00:00:00,month
8112701,37,2,4,1,8.63,2015-07-01T00:00:00,month
8112723,37,4,11,1,2.18,2014-04-01T00:00:00,month
8112726,37,4,8,1,1.58,2014-04-01T00:00:00,month
8113037,37,2,5,1,10.17,2015-07-01T00:00:00,month
8113096,37,2,9,1,20.45,2025-02-01T00:00:00,month
8113099,37,2,8,1,21.1,2025-02-01T00:00:00,month
8113100,37,2,10,1,13.52,2025-02-01T00:00:00,month
8113101,37,2,2,1,17.22,2025-02-01T00:00:00,month
8113102,37,2,6,1,21.35,2025-02-01T00:00:00,month
8113103,37,3,2,1,0.69,2015-07-01T00:00:00,month
8113269,37,4,5,1,0.11,2021-01-01T00:00:00,month
8113270,37,4,3,1,,2021-01-01T00:00:00,month
8113271,37,4,7,1,0.06,2021-01-01T00:00:00,month
8113272,37,4,6,1,0.17,2021-01-01T00:00:00,month
8113273,37,4,2,1,0.01,2021-01-01T00:00:00,month
8113274,37,4,4,1,0.2,2021-01-01T00:00:00,month
8113275,37,4,1,1,0.01,2021-01-01T00:00:00,month
8113422,37,4,10,1,0.66,2021-01-01T00:00:00,month
8113423,37,4,9,1,0.26,2021-01-01T00:00:00,month
8113424,37,4,11,1,0.35,2021-01-01T00:00:00,month
8113427,37,4,8,1,0.19,2021-01-01T00:00:00,month
8114309,37,2,9,1,10.25,2015-07-01T00:00:00,month
8114377,37,2,4,1,5.01,2014-04-01T00:00:00,month
8114454,37,3,10,1,3.64,2015-07-01T00:00:00,month
8114455,37,3,3,1,1.4,2015-07-01T00:00:00,month
8114581,37,3,2,1,0.44,2023-11-01T00:00:00,month
8114600,37,3,9,1,4.26,2015-07-01T00:00:00,month
8114601,37,3,4,1,1.27,2015-07-01T00:00:00,month
8114603,37,3,7,1,2.7,2015-07-01T00:00:00,month
8114606,37,3,11,1,4.22,2015-07-01T00:00:00,month
8114609,37,3,6,1,2.54,2014-04-01T00:00:00,month
8114610,37,3,8,1,2.01,2014-04-01T00:00:00,month
8114611,37,3,2,1,0.37,2014-04-01T00:00:00,month
8114834,37,2,1,1,14.38,2025-02-01T00:00:00,month
8114838,37,2,3,1,20.85,2025-02-01T00:00:00,month
8114839,37,2,11,1,19.93,2025-02-01T00:00:00,month
8114840,37,2,7,1,20.96,2025-02-01T00:00:00,month
8114842,37,2,4,1,19.75,2025-02-01T00:00:00,month
8114844,37,2,5,1,21.54,2025-02-01T00:00:00,month
8114914,37,2,4,1,9.19,2023-11-01T00:00:00,month
8114916,37,2,11,1,10.14,2023-11-01T00:00:00,month
8114917,37,2,3,1,8.55,2023-11-01T00:00:00,month
8114919,37,2,7,1,9.96,2023-11-01T00:00:00,month
8114921,37,2,1,1,3.84,2023-11-01T00:00:00,month
8114922,37,2,6,1,10.19,2023-11-01T00:00:00,month
8114923,37,2,2,1,6.31,2023-11-01T00:00:00,month
8114924,37,2,10,1,9.61,2023-11-01T00:00:00,month
8114925,37,2,8,1,10.06,2023-11-01T00:00:00,month
8114928,37,2,9,1,10.18,2023-11-01T00:00:00,month
8114929,37,2,5,1,10.46,2023-11-01T00:00:00,month
8114973,37,3,5,1,0.37,2021-01-01T00:00:00,month
8114974,37,3,1,1,0.03,2021-01-01T00:00:00,month
8114976,37,3,6,1,0.41,2021-01-01T00:00:00,month
8114977,37,3,8,1,0.45,2021-01-01T00:00:00,month
8114978,37,3,2,1,0.59,2021-01-01T00:00:00,month
8115106,37,2,9,1,12.01,2024-01-01T00:00:00,month
8115109,37,2,1,1,4.69,2024-01-01T00:00:00,month
8115110,37,2,2,1,8.07,2024-01-01T00:00:00,month
8115112,37,2,8,1,12.89,2024-01-01T00:00:00,month
8115113,37,2,10,1,10.34,2024-01-01T00:00:00,month
8115114,37,2,5,1,12.84,2024-01-01T00:00:00,month
8113859,37,4,4,1,0.1,2021-06-01T00:00:00,month
8113934,37,4,10,1,0.33,2021-06-01T00:00:00,month
8113935,37,4,9,1,0.15,2021-06-01T00:00:00,month
8113936,37,4,11,1,0.21,2021-06-01T00:00:00,month
8113939,37,4,8,1,0.39,2021-06-01T00:00:00,month
8113968,37,3,1,1,0.03,2024-04-01T00:00:00,month
8113969,37,3,8,1,1.53,2024-04-01T00:00:00,month
8113970,37,3,2,1,0.03,2024-04-01T00:00:00,month
8114932,37,2,5,1,14.46,2024-04-01T00:00:00,month
8114933,37,2,9,1,12.5,2024-04-01T00:00:00,month
8114936,37,2,8,1,14.67,2024-04-01T00:00:00,month
8114937,37,2,10,1,9.61,2024-04-01T00:00:00,month
8114938,37,2,2,1,6.42,2024-04-01T00:00:00,month
8114939,37,2,6,1,15.03,2024-04-01T00:00:00,month
8114940,37,2,1,1,5.13,2024-04-01T00:00:00,month
8114942,37,2,7,1,14.47,2024-04-01T00:00:00,month
8115059,37,4,8,1,1.48,2015-10-01T00:00:00,month
8115062,37,4,11,1,2.39,2015-10-01T00:00:00,month
8115063,37,4,9,1,2.43,2015-10-01T00:00:00,month
8115064,37,4,10,1,1.26,2015-10-01T00:00:00,month
8115071,37,4,1,1,0.26,2015-10-01T00:00:00,month
8115072,37,4,4,1,0.56,2015-10-01T00:00:00,month
8115073,37,4,2,1,0.38,2015-10-01T00:00:00,month
8115074,37,4,6,1,1.88,2015-10-01T00:00:00,month
8115075,37,4,7,1,1.35,2015-10-01T00:00:00,month
8115076,37,4,3,1,1.2,2015-10-01T00:00:00,month
8115077,37,4,5,1,1.12,2015-10-01T00:00:00,month
8115156,37,2,3,1,12.89,2024-04-01T00:00:00,month
8115157,37,2,11,1,12.23,2024-04-01T00:00:00,month
8115159,37,2,4,1,13.21,2024-04-01T00:00:00,month
8115250,37,2,9,1,4.46,2021-06-01T00:00:00,month
8115253,37,2,8,1,3.33,2021-06-01T00:00:00,month
8115349,37,2,10,1,4.76,2021-06-01T00:00:00,month
8115350,37,2,2,1,2.57,2021-06-01T00:00:00,month
8115351,37,2,6,1,3.45,2021-06-01T00:00:00,month
8115352,37,2,1,1,2.71,2021-06-01T00:00:00,month
8115354,37,2,7,1,3.3,2021-06-01T00:00:00,month
8115356,37,2,3,1,2.43,2021-06-01T00:00:00,month
8115357,37,2,11,1,4.48,2021-06-01T00:00:00,month
8115358,37,2,5,1,3.46,2021-06-01T00:00:00,month
8115474,37,2,4,1,2.75,2021-06-01T00:00:00,month
8115666,37,3,10,1,,2022-10-01T00:00:00,month
8115667,37,3,3,1,0.49,2022-10-01T00:00:00,month
8115669,37,3,9,1,0.75,2022-10-01T00:00:00,month
8115670,37,3,4,1,0.66,2022-10-01T00:00:00,month
8115672,37,3,7,1,0.18,2022-10-01T00:00:00,month
8115675,37,3,11,1,0.75,2022-10-01T00:00:00,month
8115680,37,2,7,1,17.29,2025-08-01T00:00:00,month
8115682,37,2,5,1,17.29,2025-08-01T00:00:00,month
8115683,37,2,1,1,11.67,2025-08-01T00:00:00,month
8115684,37,2,6,1,17.53,2025-08-01T00:00:00,month
8115685,37,2,10,1,9.8,2025-08-01T00:00:00,month
8115686,37,2,2,1,11.8,2025-08-01T00:00:00,month
8115688,37,2,8,1,17.41,2025-08-01T00:00:00,month
8115691,37,2,9,1,16.67,2025-08-01T00:00:00,month
8115692,37,2,9,1,13.29,2025-10-01T00:00:00,month
8115695,37,2,8,1,15.45,2025-10-01T00:00:00,month
8116501,37,4,5,1,0.16,2022-10-01T00:00:00,month
8116502,37,4,7,1,0.16,2022-10-01T00:00:00,month
8116503,37,4,6,1,0.41,2022-10-01T00:00:00,month
8116504,37,4,2,1,0.01,2022-10-01T00:00:00,month
8116505,37,4,1,1,0.01,2022-10-01T00:00:00,month
8116507,37,4,4,1,,2022-10-01T00:00:00,month
8116508,37,4,3,1,,2022-10-01T00:00:00,month
8116513,37,4,10,1,,2022-10-01T00:00:00,month
8116515,37,4,9,1,0.52,2022-10-01T00:00:00,month
8116516,37,4,11,1,0.52,2022-10-01T00:00:00,month
8116519,37,4,8,1,0.18,2022-10-01T00:00:00,month
8117242,37,3,5,1,0.19,2022-10-01T00:00:00,month
8117243,37,3,1,1,0.01,2022-10-01T00:00:00,month
8117245,37,3,8,1,0.19,2022-10-01T00:00:00,month
8117246,37,3,6,1,0.2,2022-10-01T00:00:00,month
8117247,37,3,2,1,0.01,2022-10-01T00:00:00,month
8117711,37,2,9,1,7.17,2017-04-01T00:00:00,month
8117787,37,2,8,1,6.08,2017-04-01T00:00:00,month
8117788,37,2,10,1,7.09,2017-04-01T00:00:00,month
8117789,37,2,2,1,4.15,2017-04-01T00:00:00,month
8117790,37,2,6,1,6.68,2017-04-01T00:00:00,month
8117791,37,2,1,1,3.39,2017-04-01T00:00:00,month
8117795,37,2,3,1,7.07,2017-04-01T00:00:00,month
8118193,37,3,10,1,1.66,2017-04-01T00:00:00,month
8118194,37,3,9,1,1.47,2017-04-01T00:00:00,month
8118196,37,3,4,1,0.33,2017-04-01T00:00:00,month
8118197,37,3,3,1,0.47,2017-04-01T00:00:00,month
8118201,37,3,7,1,0.8,2017-04-01T00:00:00,month
8118202,37,3,11,1,1.47,2017-04-01T00:00:00,month
8118521,37,4,8,1,1.22,2025-08-01T00:00:00,month
8118523,37,4,9,1,1.41,2025-08-01T00:00:00,month
8118524,37,4,10,1,,2025-08-01T00:00:00,month
8118527,37,4,11,1,1.41,2025-08-01T00:00:00,month
8118531,37,4,4,1,,2025-08-01T00:00:00,month
8118532,37,4,2,1,0.01,2025-08-01T00:00:00,month
8118533,37,4,3,1,,2025-08-01T00:00:00,month
8118534,37,4,7,1,1.2,2025-08-01T00:00:00,month
8118536,37,4,6,1,1.27,2025-08-01T00:00:00,month
8118537,37,4,5,1,0.92,2025-08-01T00:00:00,month
8118539,37,4,1,1,0.01,2025-08-01T00:00:00,month
8118540,37,4,1,1,0.01,2025-10-01T00:00:00,month
8118542,37,4,5,1,0.43,2025-10-01T00:00:00,month
8118543,37,4,6,1,1.06,2025-10-01T00:00:00,month
8118545,37,4,7,1,0.55,2025-10-01T00:00:00,month
8118546,37,4,3,1,,2025-10-01T00:00:00,month
8118547,37,4,2,1,0.01,2025-10-01T00:00:00,month
8118548,37,4,4,1,,2025-10-01T00:00:00,month
8118552,37,4,11,1,1.26,2025-10-01T00:00:00,month
8118625,37,4,10,1,,2025-10-01T00:00:00,month
8118626,37,4,9,1,1.26,2025-10-01T00:00:00,month
8118628,37,4,8,1,0.56,2025-10-01T00:00:00,month
8118891,37,3,10,1,2.76,2014-06-01T00:00:00,month
8118892,37,3,9,1,2.94,2014-06-01T00:00:00,month
8118894,37,3,4,1,1.0,2014-06-01T00:00:00,month
8118895,37,3,3,1,1.49,2014-06-01T00:00:00,month
8113957,37,3,10,1,,2025-10-01T00:00:00,month
8113958,37,3,3,1,,2025-10-01T00:00:00,month
8113960,37,3,9,1,1.34,2025-10-01T00:00:00,month
8113961,37,3,4,1,2.51,2025-10-01T00:00:00,month
8113962,37,3,11,1,1.34,2025-10-01T00:00:00,month
8113965,37,3,7,1,1.31,2025-10-01T00:00:00,month
8114165,37,2,9,1,7.07,2022-10-01T00:00:00,month
8114168,37,2,8,1,5.55,2022-10-01T00:00:00,month
8114209,37,2,9,1,12.02,2026-03-01T00:00:00,month
8114212,37,2,8,1,14.36,2026-03-01T00:00:00,month
8114213,37,2,10,1,6.79,2026-03-01T00:00:00,month
8114214,37,2,2,1,10.93,2026-03-01T00:00:00,month
8114312,37,2,10,1,6.35,2022-10-01T00:00:00,month
8114313,37,2,2,1,3.45,2022-10-01T00:00:00,month
8114314,37,2,6,1,6.12,2022-10-01T00:00:00,month
8114315,37,2,1,1,1.9,2022-10-01T00:00:00,month
8114334,37,2,3,1,4.5,2022-10-01T00:00:00,month
8114335,37,2,11,1,7.05,2022-10-01T00:00:00,month
8114336,37,2,7,1,5.49,2022-10-01T00:00:00,month
8114338,37,2,4,1,5.09,2022-10-01T00:00:00,month
8114340,37,2,5,1,5.29,2022-10-01T00:00:00,month
8115910,37,2,5,1,13.16,2026-08-01T00:00:00,month
8115911,37,2,9,1,11.51,2026-08-01T00:00:00,month
8115914,37,2,8,1,13.05,2026-08-01T00:00:00,month
8115915,37,2,10,1,6.21,2026-08-01T00:00:00,month
8115916,37,2,2,1,6.53,2026-08-01T00:00:00,month
8115917,37,2,6,1,13.06,2026-08-01T00:00:00,month
8115918,37,2,1,1,6.11,2026-08-01T00:00:00,month
8115920,37,2,7,1,12.81,2026-08-01T00:00:00,month
8115922,37,2,3,1,12.36,2026-08-01T00:00:00,month
8115923,37,2,11,1,10.63,2026-08-01T00:00:00,month
8115925,37,2,4,1,12.39,2026-08-01T00:00:00,month
8116319,37,3,3,1,,2026-08-01T00:00:00,month
8116320,37,3,10,1,,2026-08-01T00:00:00,month
8116321,37,3,9,1,2.79,2026-08-01T00:00:00,month
8116324,37,3,4,1,,2026-08-01T00:00:00,month
8116325,37,3,11,1,2.79,2026-08-01T00:00:00,month
8116400,37,3,5,1,1.02,2026-08-01T00:00:00,month
8116401,37,3,7,1,2.32,2026-08-01T00:00:00,month
8116405,37,3,6,1,2.61,2026-08-01T00:00:00,month
8116406,37,3,1,1,0.01,2026-08-01T00:00:00,month
8116407,37,3,8,1,2.33,2026-08-01T00:00:00,month
8116408,37,3,2,1,0.01,2026-08-01T00:00:00,month
8116915,37,4,8,1,0.32,2019-11-01T00:00:00,month
8116918,37,4,11,1,0.44,2019-11-01T00:00:00,month
8116919,37,4,9,1,0.45,2019-11-01T00:00:00,month
8116920,37,4,10,1,0.42,2019-11-01T00:00:00,month
8117182,37,4,7,1,2.22,2022-05-01T00:00:00,month
8117183,37,4,3,1,3.55,2022-05-01T00:00:00,month
8117184,37,4,2,1,0.29,2022-05-01T00:00:00,month
8117185,37,4,4,1,1.64,2022-05-01T00:00:00,month
8117192,37,4,10,1,1.17,2022-05-01T00:00:00,month
8117193,37,4,9,1,1.38,2022-05-01T00:00:00,month
8117194,37,4,11,1,1.26,2022-05-01T00:00:00,month
8117197,37,4,8,1,2.24,2022-05-01T00:00:00,month
8117545,37,4,5,1,1.69,2015-08-01T00:00:00,month
8117546,37,4,3,1,1.27,2015-08-01T00:00:00,month
8117547,37,4,7,1,1.72,2015-08-01T00:00:00,month
8117548,37,4,6,1,2.32,2015-08-01T00:00:00,month
8117549,37,4,2,1,0.46,2015-08-01T00:00:00,month
8118105,37,2,9,1,9.55,2015-08-01T00:00:00,month
8118108,37,2,8,1,9.23,2015-08-01T00:00:00,month
8118112,37,3,10,1,3.08,2015-08-01T00:00:00,month
8118113,37,3,9,1,3.75,2015-08-01T00:00:00,month
8118115,37,3,4,1,1.18,2015-08-01T00:00:00,month
8118116,37,3,3,1,1.38,2015-08-01T00:00:00,month
8118606,37,4,1,1,0.01,2026-08-01T00:00:00,month
8118608,37,4,5,1,0.67,2026-08-01T00:00:00,month
8118609,37,4,6,1,1.15,2026-08-01T00:00:00,month
8118611,37,4,7,1,1.07,2026-08-01T00:00:00,month
8118612,37,4,3,1,,2026-08-01T00:00:00,month
8118613,37,4,2,1,0.01,2026-08-01T00:00:00,month
8118614,37,4,4,1,,2026-08-01T00:00:00,month
8118618,37,4,11,1,1.67,2026-08-01T00:00:00,month
8118621,37,4,10,1,,2026-08-01T00:00:00,month
8118622,37,4,9,1,1.67,2026-08-01T00:00:00,month
8118624,37,4,8,1,1.13,2026-08-01T00:00:00,month
8118907,37,3,7,1,1.88,2022-05-01T00:00:00,month
8118910,37,3,5,1,2.31,2022-05-01T00:00:00,month
8118911,37,3,1,1,0.17,2022-05-01T00:00:00,month
8118913,37,3,6,1,1.22,2022-05-01T00:00:00,month
8118914,37,3,8,1,1.93,2022-05-01T00:00:00,month
8118915,37,3,2,1,1.64,2022-05-01T00:00:00,month
8118983,37,2,10,1,8.52,2015-08-01T00:00:00,month
8112371,37,4,1,1,0.01,2022-05-01T00:00:00,month
8112372,37,4,5,1,2.36,2022-05-01T00:00:00,month
8112373,37,4,6,1,1.22,2022-05-01T00:00:00,month
8112432,37,3,3,1,2.04,2022-05-01T00:00:00,month
8112433,37,3,10,1,1.16,2022-05-01T00:00:00,month
8112434,37,3,9,1,1.0,2022-05-01T00:00:00,month
8112436,37,3,4,1,2.0,2022-05-01T00:00:00,month
8112437,37,3,11,1,1.04,2022-05-01T00:00:00,month
8112554,37,2,2,1,3.64,2018-06-01T00:00:00,month
8112555,37,2,6,1,5.72,2018-06-01T00:00:00,month
8112559,37,2,3,1,4.9,2018-06-01T00:00:00,month
8112560,37,2,11,1,5.98,2018-06-01T00:00:00,month
8112561,37,2,7,1,5.39,2018-06-01T00:00:00,month
8112562,37,2,5,1,5.6,2018-06-01T00:00:00,month
8112564,37,2,4,1,4.32,2018-06-01T00:00:00,month
8112864,37,4,5,1,0.24,2018-06-01T00:00:00,month
8112865,37,4,3,1,0.18,2018-06-01T00:00:00,month
8112866,37,4,7,1,0.11,2018-06-01T00:00:00,month
8112867,37,4,6,1,0.33,2018-06-01T00:00:00,month
8112868,37,4,2,1,0.03,2018-06-01T00:00:00,month
8112869,37,4,4,1,0.17,2018-06-01T00:00:00,month
8112870,37,4,1,1,0.03,2018-06-01T00:00:00,month
8112877,37,4,10,1,0.33,2018-06-01T00:00:00,month
8112878,37,4,9,1,0.43,2018-06-01T00:00:00,month
8112879,37,4,11,1,0.39,2018-06-01T00:00:00,month
8112882,37,4,8,1,0.31,2018-06-01T00:00:00,month
8113174,37,2,9,1,9.41,2022-05-01T00:00:00,month
8113177,37,2,8,1,14.03,2022-05-01T00:00:00,month
8112314,37,3,6,1,2.24,2026-06-01T00:00:00,month
8112316,37,3,5,1,0.97,2026-06-01T00:00:00,month
8112320,37,3,7,1,2.05,2026-06-01T00:00:00,month
8112327,37,4,5,1,4.75,2015-02-01T00:00:00,month
8112328,37,4,7,1,4.96,2015-02-01T00:00:00,month
8112329,37,4,6,1,5.55,2015-02-01T00:00:00,month
8112330,37,4,2,1,0.77,2015-02-01T00:00:00,month
8112506,37,2,9,1,13.23,2015-02-01T00:00:00,month
8112509,37,2,8,1,12.85,2015-02-01T00:00:00,month
8112510,37,2,10,1,9.97,2015-02-01T00:00:00,month
8112511,37,2,2,1,5.51,2015-02-01T00:00:00,month
8112512,37,2,6,1,12.23,2015-02-01T00:00:00,month
8112513,37,2,1,1,4.88,2015-02-01T00:00:00,month
8112517,37,2,3,1,13.68,2015-02-01T00:00:00,month
8112518,37,2,11,1,13.11,2015-02-01T00:00:00,month
8112519,37,2,7,1,12.33,2015-02-01T00:00:00,month
8112798,37,3,10,1,4.25,2015-02-01T00:00:00,month
8112799,37,3,3,1,2.28,2015-02-01T00:00:00,month
8112801,37,3,9,1,5.56,2015-02-01T00:00:00,month
8112802,37,3,4,1,3.57,2015-02-01T00:00:00,month
8112804,37,3,7,1,5.22,2015-02-01T00:00:00,month
8112807,37,3,11,1,5.51,2015-02-01T00:00:00,month
8112811,37,3,5,1,5.18,2015-02-01T00:00:00,month
8112812,37,3,1,1,0.63,2015-02-01T00:00:00,month
8112825,37,4,1,1,0.46,2015-02-01T00:00:00,month
8112827,37,4,4,1,3.08,2015-02-01T00:00:00,month
8112828,37,4,3,1,2.29,2015-02-01T00:00:00,month
8112833,37,4,10,1,2.66,2015-02-01T00:00:00,month
8112835,37,4,9,1,5.08,2015-02-01T00:00:00,month
8112952,37,2,7,1,6.03,2019-04-01T00:00:00,month
8112953,37,2,11,1,7.07,2019-04-01T00:00:00,month
8113194,37,3,2,1,0.79,2019-04-01T00:00:00,month
8113195,37,3,6,1,2.1,2019-04-01T00:00:00,month
8113196,37,3,8,1,1.86,2019-04-01T00:00:00,month
8113198,37,3,1,1,0.44,2019-04-01T00:00:00,month
8113199,37,3,5,1,1.78,2019-04-01T00:00:00,month
8113203,37,3,11,1,2.89,2019-04-01T00:00:00,month
8113206,37,3,7,1,1.8,2019-04-01T00:00:00,month
8113208,37,3,4,1,0.88,2019-04-01T00:00:00,month
8113209,37,3,9,1,2.82,2019-04-01T00:00:00,month
8113211,37,3,3,1,0.99,2019-04-01T00:00:00,month
8113212,37,3,10,1,3.46,2019-04-01T00:00:00,month
8113326,37,3,8,1,5.48,2015-02-01T00:00:00,month
8113327,37,3,6,1,5.92,2015-02-01T00:00:00,month
8113410,37,4,5,1,0.11,2020-10-01T00:00:00,month
8113411,37,4,1,1,0.01,2020-10-01T00:00:00,month
8113412,37,4,6,1,0.11,2020-10-01T00:00:00,month
8113413,37,4,7,1,0.04,2020-10-01T00:00:00,month
8113414,37,4,3,1,,2020-10-01T00:00:00,month
8113415,37,4,2,1,0.01,2020-10-01T00:00:00,month
8113416,37,4,4,1,0.1,2020-10-01T00:00:00,month
8114006,37,3,2,1,0.01,2024-12-01T00:00:00,month
8114007,37,3,8,1,1.93,2024-12-01T00:00:00,month
8114008,37,3,1,1,0.01,2024-12-01T00:00:00,month
8114009,37,3,6,1,2.08,2024-12-01T00:00:00,month
8114013,37,3,7,1,1.88,2024-12-01T00:00:00,month
8114014,37,3,5,1,1.19,2024-12-01T00:00:00,month
8114017,37,3,11,1,1.45,2024-12-01T00:00:00,month
8114018,37,3,4,1,2.17,2024-12-01T00:00:00,month
8114021,37,3,9,1,1.45,2024-12-01T00:00:00,month
8114045,37,4,10,1,0.37,2020-10-01T00:00:00,month
8114046,37,4,9,1,0.27,2020-10-01T00:00:00,month
8114047,37,4,11,1,0.31,2020-10-01T00:00:00,month
8114050,37,4,8,1,0.11,2020-10-01T00:00:00,month
8114169,37,3,3,1,,2024-12-01T00:00:00,month
8114170,37,3,10,1,,2024-12-01T00:00:00,month
8114286,37,2,4,1,12.88,2015-02-01T00:00:00,month
8114288,37,2,5,1,13.81,2015-02-01T00:00:00,month
8114434,37,3,2,1,0.93,2015-02-01T00:00:00,month
8115087,37,4,11,1,4.96,2015-02-01T00:00:00,month
8115090,37,4,8,1,5.16,2015-02-01T00:00:00,month
8115274,37,4,6,1,1.5,2026-06-01T00:00:00,month
8115275,37,4,5,1,1.27,2026-06-01T00:00:00,month
8115277,37,4,1,1,0.01,2026-06-01T00:00:00,month
8115078,37,4,5,1,0.61,2016-03-01T00:00:00,month
8115079,37,4,3,1,0.3,2016-03-01T00:00:00,month
8115080,37,4,7,1,0.94,2016-03-01T00:00:00,month
8115081,37,4,6,1,1.04,2016-03-01T00:00:00,month
8115082,37,4,2,1,0.37,2016-03-01T00:00:00,month
8115083,37,4,4,1,0.29,2016-03-01T00:00:00,month
8115084,37,4,1,1,0.38,2016-03-01T00:00:00,month
8115261,37,2,4,1,4.74,2020-05-01T00:00:00,month
8115263,37,2,5,1,4.66,2020-05-01T00:00:00,month
8115264,37,2,11,1,5.0,2020-05-01T00:00:00,month
8115265,37,2,3,1,3.73,2020-05-01T00:00:00,month
8115267,37,2,7,1,4.67,2020-05-01T00:00:00,month
8115269,37,2,6,1,5.18,2020-05-01T00:00:00,month
8115270,37,2,10,1,4.4,2020-05-01T00:00:00,month
8115271,37,2,8,1,4.83,2020-05-01T00:00:00,month
8115880,37,2,9,1,6.76,2022-09-01T00:00:00,month
8115883,37,2,1,1,2.42,2022-09-01T00:00:00,month
8115884,37,2,2,1,3.47,2022-09-01T00:00:00,month
8115886,37,2,8,1,5.06,2022-09-01T00:00:00,month
8115887,37,2,10,1,6.74,2022-09-01T00:00:00,month
8115888,37,2,6,1,5.92,2022-09-01T00:00:00,month
8115890,37,2,7,1,5.0,2022-09-01T00:00:00,month
8115892,37,2,3,1,4.2,2022-09-01T00:00:00,month
8115893,37,2,11,1,6.75,2022-09-01T00:00:00,month
8115894,37,2,5,1,4.78,2022-09-01T00:00:00,month
8116065,37,4,1,1,0.01,2022-02-01T00:00:00,month
8116066,37,4,5,1,0.12,2022-02-01T00:00:00,month
8116067,37,4,6,1,0.2,2022-02-01T00:00:00,month
8116068,37,4,7,1,0.05,2022-02-01T00:00:00,month
8116710,37,2,9,1,11.53,2026-04-01T00:00:00,month
8116713,37,2,8,1,13.82,2026-04-01T00:00:00,month
8116715,37,2,2,1,7.22,2026-04-01T00:00:00,month
8116716,37,2,10,1,7.86,2026-04-01T00:00:00,month
8116717,37,2,6,1,13.73,2026-04-01T00:00:00,month
8116718,37,2,1,1,6.41,2026-04-01T00:00:00,month
8116839,37,2,4,1,4.77,2022-09-01T00:00:00,month
8116878,37,2,5,1,13.89,2026-04-01T00:00:00,month
8116880,37,2,7,1,13.6,2026-04-01T00:00:00,month
8116882,37,2,3,1,13.14,2026-04-01T00:00:00,month
8116883,37,2,11,1,10.95,2026-04-01T00:00:00,month
8116885,37,2,4,1,13.72,2026-04-01T00:00:00,month
8117128,37,4,8,1,0.2,2022-02-01T00:00:00,month
8117577,37,4,5,1,0.16,2022-09-01T00:00:00,month
8117578,37,4,1,1,0.02,2022-09-01T00:00:00,month
8117579,37,4,6,1,0.62,2022-09-01T00:00:00,month
8117580,37,4,7,1,0.18,2022-09-01T00:00:00,month
8117581,37,4,3,1,,2022-09-01T00:00:00,month
8117582,37,4,2,1,0.02,2022-09-01T00:00:00,month
8117583,37,4,4,1,,2022-09-01T00:00:00,month
8117590,37,4,10,1,,2022-09-01T00:00:00,month
8117591,37,4,9,1,0.51,2022-09-01T00:00:00,month
8117592,37,4,11,1,0.51,2022-09-01T00:00:00,month
8117595,37,4,8,1,0.2,2022-09-01T00:00:00,month
8118357,37,4,8,1,0.35,2017-12-01T00:00:00,month
8118648,37,4,1,1,0.01,2026-04-01T00:00:00,month
8118650,37,4,5,1,1.15,2026-04-01T00:00:00,month
8118651,37,4,6,1,0.95,2026-04-01T00:00:00,month
8118653,37,4,7,1,0.98,2026-04-01T00:00:00,month
8118654,37,4,3,1,,2026-04-01T00:00:00,month
8118655,37,4,2,1,0.01,2026-04-01T00:00:00,month
8118656,37,4,4,1,,2026-04-01T00:00:00,month
8110918,37,3,10,1,1.84,2017-12-01T00:00:00,month
8110919,37,3,9,1,1.57,2017-12-01T00:00:00,month
8110921,37,3,4,1,0.23,2017-12-01T00:00:00,month
8110922,37,3,3,1,0.54,2017-12-01T00:00:00,month
8110926,37,3,7,1,0.64,2017-12-01T00:00:00,month
8110927,37,3,11,1,1.59,2017-12-01T00:00:00,month
8110931,37,3,5,1,0.44,2017-12-01T00:00:00,month
8110932,37,3,1,1,0.09,2017-12-01T00:00:00,month
8111434,37,3,10,1,1.31,2022-02-01T00:00:00,month
8111724,37,3,10,1,,2022-09-01T00:00:00,month
8111725,37,3,3,1,0.41,2022-09-01T00:00:00,month
8111727,37,3,9,1,0.59,2022-09-01T00:00:00,month
8111729,37,3,4,1,0.7,2022-09-01T00:00:00,month
8111730,37,3,11,1,0.59,2022-09-01T00:00:00,month
8111734,37,3,7,1,0.26,2022-09-01T00:00:00,month
8111737,37,3,5,1,0.22,2022-09-01T00:00:00,month
8111738,37,3,1,1,0.01,2022-09-01T00:00:00,month
8111740,37,3,6,1,0.57,2022-09-01T00:00:00,month
8111741,37,3,8,1,0.28,2022-09-01T00:00:00,month
8111742,37,3,2,1,0.01,2022-09-01T00:00:00,month
8111791,37,3,3,1,0.46,2022-02-01T00:00:00,month
8111793,37,3,9,1,0.76,2022-02-01T00:00:00,month
8111794,37,3,4,1,0.36,2022-02-01T00:00:00,month
8111795,37,3,11,1,0.83,2022-02-01T00:00:00,month
8111798,37,3,7,1,0.39,2022-02-01T00:00:00,month
8111802,37,3,5,1,0.3,2022-02-01T00:00:00,month
8111803,37,3,1,1,0.05,2022-02-01T00:00:00,month
8111805,37,3,6,1,0.38,2022-02-01T00:00:00,month
8111806,37,3,8,1,0.4,2022-02-01T00:00:00,month
8111807,37,3,2,1,0.43,2022-02-01T00:00:00,month
8112037,37,4,11,1,1.31,2026-04-01T00:00:00,month
8112040,37,4,10,1,,2026-04-01T00:00:00,month
8112041,37,4,9,1,1.31,2026-04-01T00:00:00,month
8112043,37,4,8,1,1.0,2026-04-01T00:00:00,month
8112301,37,3,7,1,1.8,2026-04-01T00:00:00,month
8112305,37,3,5,1,1.35,2026-04-01T00:00:00,month
8112307,37,3,6,1,1.74,2026-04-01T00:00:00,month
8112308,37,3,1,1,0.05,2026-04-01T00:00:00,month
8112309,37,3,8,1,1.83,2026-04-01T00:00:00,month
8112310,37,3,2,1,0.05,2026-04-01T00:00:00,month
8112374,37,4,3,1,,2022-02-01T00:00:00,month
8112375,37,4,2,1,0.01,2022-02-01T00:00:00,month
8112376,37,4,4,1,0.1,2022-02-01T00:00:00,month
8112383,37,4,10,1,0.53,2022-02-01T00:00:00,month
8112384,37,4,9,1,0.37,2022-02-01T00:00:00,month
8112259,37,3,10,1,1.01,2022-07-01T00:00:00,month
8112260,37,3,3,1,0.31,2022-07-01T00:00:00,month
8112262,37,3,9,1,1.21,2022-07-01T00:00:00,month
8112263,37,3,4,1,0.86,2022-07-01T00:00:00,month
8112264,37,3,11,1,1.12,2022-07-01T00:00:00,month
8112267,37,3,7,1,0.7,2022-07-01T00:00:00,month
8112271,37,3,5,1,0.5,2022-07-01T00:00:00,month
8112272,37,3,1,1,0.04,2022-07-01T00:00:00,month
8112274,37,3,6,1,1.48,2022-07-01T00:00:00,month
8112275,37,3,8,1,0.71,2022-07-01T00:00:00,month
8112276,37,3,2,1,0.04,2022-07-01T00:00:00,month
8112760,37,4,2,1,0.41,2016-11-01T00:00:00,month
8112761,37,4,6,1,0.66,2016-11-01T00:00:00,month
8112762,37,4,7,1,0.48,2016-11-01T00:00:00,month
8112763,37,4,3,1,0.52,2016-11-01T00:00:00,month
8112764,37,4,5,1,0.46,2016-11-01T00:00:00,month
8113466,37,2,9,1,8.53,2022-07-01T00:00:00,month
8113469,37,2,8,1,6.97,2022-07-01T00:00:00,month
8113471,37,2,2,1,6.33,2022-07-01T00:00:00,month
8113472,37,2,10,1,8.44,2022-07-01T00:00:00,month
8113473,37,2,6,1,7.3,2022-07-01T00:00:00,month
8113474,37,2,1,1,2.08,2022-07-01T00:00:00,month
8113475,37,2,5,1,6.76,2022-07-01T00:00:00,month
8113477,37,2,7,1,6.92,2022-07-01T00:00:00,month
8113479,37,2,3,1,7.64,2022-07-01T00:00:00,month
8113480,37,2,11,1,8.52,2022-07-01T00:00:00,month
8113482,37,2,4,1,7.82,2022-07-01T00:00:00,month
8114396,37,4,6,1,1.36,2025-05-01T00:00:00,month
8114397,37,4,2,1,0.01,2025-05-01T00:00:00,month
8114398,37,4,1,1,0.01,2025-05-01T00:00:00,month
8114400,37,4,4,1,,2025-05-01T00:00:00,month
8114401,37,4,3,1,,2025-05-01T00:00:00,month
8114406,37,4,10,1,,2025-05-01T00:00:00,month
8114408,37,4,9,1,1.72,2025-05-01T00:00:00,month
8114409,37,4,11,1,1.72,2025-05-01T00:00:00,month
8114412,37,4,8,1,1.25,2025-05-01T00:00:00,month
8114865,37,2,9,1,18.75,2025-05-01T00:00:00,month
8114868,37,2,8,1,19.32,2025-05-01T00:00:00,month
8114869,37,2,10,1,11.92,2025-05-01T00:00:00,month
8114870,37,2,2,1,13.56,2025-05-01T00:00:00,month
8114871,37,2,6,1,20.01,2025-05-01T00:00:00,month
8115115,37,2,6,1,13.57,2024-01-01T00:00:00,month
8115117,37,2,7,1,12.78,2024-01-01T00:00:00,month
8115119,37,2,3,1,11.01,2024-01-01T00:00:00,month
8115120,37,2,11,1,11.9,2024-01-01T00:00:00,month
8115122,37,2,4,1,10.76,2024-01-01T00:00:00,month
8115521,37,3,10,1,,2024-01-01T00:00:00,month
8115522,37,3,3,1,1.08,2024-01-01T00:00:00,month
8115524,37,3,9,1,1.7,2024-01-01T00:00:00,month
8115527,37,3,4,1,1.66,2024-01-01T00:00:00,month
8115528,37,3,11,1,1.7,2024-01-01T00:00:00,month
8115531,37,3,5,1,1.37,2024-01-01T00:00:00,month
8115532,37,3,7,1,1.96,2024-01-01T00:00:00,month
8115536,37,3,6,1,2.13,2024-01-01T00:00:00,month
8115537,37,3,1,1,0.0,2024-01-01T00:00:00,month
8115538,37,3,8,1,2.0,2024-01-01T00:00:00,month
8115946,37,4,5,1,0.56,2016-05-01T00:00:00,month
8115947,37,4,3,1,0.31,2016-05-01T00:00:00,month
8115948,37,4,7,1,0.8,2016-05-01T00:00:00,month
8115949,37,4,6,1,0.97,2016-05-01T00:00:00,month
8115950,37,4,2,1,0.31,2016-05-01T00:00:00,month
8115951,37,4,4,1,0.53,2016-05-01T00:00:00,month
8115952,37,4,1,1,0.31,2016-05-01T00:00:00,month
8115959,37,4,10,1,1.33,2016-05-01T00:00:00,month
8115960,37,4,9,1,1.92,2016-05-01T00:00:00,month
8115961,37,4,11,1,1.9,2016-05-01T00:00:00,month
8116381,37,2,9,1,6.46,2021-12-01T00:00:00,month
8116692,37,4,10,1,0.18,2021-12-01T00:00:00,month
8116693,37,4,9,1,0.39,2021-12-01T00:00:00,month
8116835,37,3,5,1,0.26,2021-12-01T00:00:00,month
8116836,37,3,1,1,0.18,2021-12-01T00:00:00,month
8116871,37,2,9,1,12.63,2025-11-01T00:00:00,month
8116874,37,2,8,1,15.46,2025-11-01T00:00:00,month
8116875,37,2,10,1,7.49,2025-11-01T00:00:00,month
8116876,37,2,2,1,6.86,2025-11-01T00:00:00,month
8116877,37,2,6,1,15.03,2025-11-01T00:00:00,month
8116983,37,3,6,1,0.39,2021-12-01T00:00:00,month
8116984,37,3,8,1,0.38,2021-12-01T00:00:00,month
8116985,37,3,2,1,0.33,2021-12-01T00:00:00,month
8117018,37,3,1,1,0.01,2023-02-01T00:00:00,month
8117019,37,3,6,1,0.94,2023-02-01T00:00:00,month
8117525,37,3,10,1,,2025-11-01T00:00:00,month
8117526,37,3,3,1,,2025-11-01T00:00:00,month
8117528,37,3,9,1,1.49,2025-11-01T00:00:00,month
8117529,37,3,4,1,2.5,2025-11-01T00:00:00,month
8117531,37,3,7,1,1.38,2025-11-01T00:00:00,month
8117534,37,3,11,1,1.49,2025-11-01T00:00:00,month
8117596,37,4,8,1,1.66,2023-02-01T00:00:00,month
8117598,37,4,9,1,0.98,2023-02-01T00:00:00,month
8117599,37,4,10,1,,2023-02-01T00:00:00,month
8117602,37,4,11,1,0.98,2023-02-01T00:00:00,month
8117606,37,4,4,1,0.38,2023-02-01T00:00:00,month
8117607,37,4,2,1,0.01,2023-02-01T00:00:00,month
8117782,37,4,3,1,,2023-02-01T00:00:00,month
8117783,37,4,7,1,1.38,2023-02-01T00:00:00,month
8117784,37,4,6,1,1.14,2023-02-01T00:00:00,month
8117857,37,4,1,1,0.01,2023-02-01T00:00:00,month
8117859,37,4,5,1,2.19,2023-02-01T00:00:00,month
8118318,37,4,8,1,0.86,2016-05-01T00:00:00,month
8118854,37,2,9,1,9.0,2016-05-01T00:00:00,month
8110643,37,3,10,1,2.48,2016-05-01T00:00:00,month
8110644,37,3,9,1,2.34,2016-05-01T00:00:00,month
8110646,37,3,4,1,0.44,2016-05-01T00:00:00,month
8110647,37,3,3,1,0.49,2016-05-01T00:00:00,month
8110651,37,3,7,1,1.3,2016-05-01T00:00:00,month
8110652,37,3,11,1,2.35,2016-05-01T00:00:00,month
8110656,37,3,5,1,0.94,2016-05-01T00:00:00,month
8110657,37,3,1,1,0.58,2016-05-01T00:00:00,month
8110659,37,3,6,1,1.64,2016-05-01T00:00:00,month
8110660,37,3,8,1,1.39,2016-05-01T00:00:00,month
8110661,37,3,2,1,0.57,2016-05-01T00:00:00,month
8111468,37,3,3,1,0.4,2021-12-01T00:00:00,month
8111743,37,3,2,1,0.01,2023-02-01T00:00:00,month
8111744,37,3,8,1,1.68,2023-02-01T00:00:00,month
8111825,37,3,10,1,1.21,2021-12-01T00:00:00,month
8111826,37,3,9,1,0.69,2021-12-01T00:00:00,month
8111828,37,3,4,1,0.28,2021-12-01T00:00:00,month
8111829,37,3,11,1,0.85,2021-12-01T00:00:00,month
8111833,37,3,7,1,0.36,2021-12-01T00:00:00,month
8111840,37,2,4,1,4.57,2023-02-01T00:00:00,month
8111842,37,2,11,1,7.12,2023-02-01T00:00:00,month
8111843,37,2,3,1,4.19,2023-02-01T00:00:00,month
8112058,37,4,11,1,0.37,2021-12-01T00:00:00,month
8112061,37,4,8,1,0.31,2021-12-01T00:00:00,month
8112217,37,2,8,1,8.02,2016-05-01T00:00:00,month
8112218,37,2,10,1,8.41,2016-05-01T00:00:00,month
8112219,37,2,2,1,3.49,2016-05-01T00:00:00,month
8112220,37,2,6,1,8.51,2016-05-01T00:00:00,month
8112221,37,2,1,1,2.74,2016-05-01T00:00:00,month
8112225,37,2,3,1,8.09,2016-05-01T00:00:00,month
8112226,37,2,11,1,8.99,2016-05-01T00:00:00,month
8112227,37,2,7,1,7.67,2016-05-01T00:00:00,month
8112228,37,2,5,1,7.95,2016-05-01T00:00:00,month
8112230,37,2,4,1,6.94,2016-05-01T00:00:00,month
8112573,37,3,5,1,1.03,2025-11-01T00:00:00,month
8112574,37,3,1,1,0.01,2025-11-01T00:00:00,month
8112576,37,3,8,1,1.39,2025-11-01T00:00:00,month
8112577,37,3,6,1,1.29,2025-11-01T00:00:00,month
8112578,37,3,2,1,0.01,2025-11-01T00:00:00,month
8113512,37,4,6,1,1.02,2025-11-01T00:00:00,month
8113513,37,4,2,1,0.01,2025-11-01T00:00:00,month
8113514,37,4,1,1,0.01,2025-11-01T00:00:00,month
8113516,37,4,4,1,,2025-11-01T00:00:00,month
8113517,37,4,3,1,,2025-11-01T00:00:00,month
8113522,37,4,10,1,,2025-11-01T00:00:00,month
8113524,37,4,9,1,1.18,2025-11-01T00:00:00,month
8113525,37,4,11,1,1.18,2025-11-01T00:00:00,month
8116377,37,2,9,1,4.26,2021-03-01T00:00:00,month
8116380,37,2,1,1,2.36,2021-03-01T00:00:00,month
8116417,37,3,2,1,0.01,2025-06-01T00:00:00,month
8116418,37,3,8,1,1.19,2025-06-01T00:00:00,month
8116419,37,3,1,1,0.01,2025-06-01T00:00:00,month
8116420,37,3,6,1,1.15,2025-06-01T00:00:00,month
8116424,37,3,7,1,1.16,2025-06-01T00:00:00,month
8116425,37,3,5,1,0.97,2025-06-01T00:00:00,month
8116657,37,4,10,1,0.38,2021-03-01T00:00:00,month
8116658,37,4,9,1,0.31,2021-03-01T00:00:00,month
8116659,37,4,11,1,0.33,2021-03-01T00:00:00,month
8116662,37,4,8,1,0.17,2021-03-01T00:00:00,month
8116732,37,2,9,1,10.83,2015-05-01T00:00:00,month
8116735,37,2,8,1,9.41,2015-05-01T00:00:00,month
8116736,37,2,10,1,8.85,2015-05-01T00:00:00,month
8116737,37,2,2,1,4.09,2015-05-01T00:00:00,month
8116748,37,3,10,1,3.15,2015-05-01T00:00:00,month
8116749,37,3,9,1,4.59,2015-05-01T00:00:00,month
8116751,37,3,4,1,2.38,2015-05-01T00:00:00,month
8116752,37,3,3,1,1.7,2015-05-01T00:00:00,month
8116929,37,4,5,1,3.39,2015-05-01T00:00:00,month
8116930,37,4,3,1,1.18,2015-05-01T00:00:00,month
8116931,37,4,7,1,3.51,2015-05-01T00:00:00,month
8116932,37,4,6,1,4.45,2015-05-01T00:00:00,month
8116933,37,4,2,1,0.81,2015-05-01T00:00:00,month
8116934,37,4,4,1,1.78,2015-05-01T00:00:00,month
8116935,37,4,1,1,0.74,2015-05-01T00:00:00,month
8117061,37,2,4,1,18.61,2025-06-01T00:00:00,month
8117063,37,2,11,1,17.49,2025-06-01T00:00:00,month
8117064,37,2,3,1,16.6,2025-06-01T00:00:00,month
8117066,37,2,7,1,19.25,2025-06-01T00:00:00,month
8117068,37,2,6,1,19.81,2025-06-01T00:00:00,month
8117069,37,2,5,1,19.34,2025-06-01T00:00:00,month
8117070,37,2,10,1,8.19,2025-06-01T00:00:00,month
8117071,37,2,8,1,19.39,2025-06-01T00:00:00,month
8117073,37,2,2,1,12.74,2025-06-01T00:00:00,month
8117074,37,2,1,1,12.58,2025-06-01T00:00:00,month
8117077,37,2,9,1,18.32,2025-06-01T00:00:00,month
8117218,37,4,8,1,1.37,2025-04-01T00:00:00,month
8117221,37,4,11,1,1.51,2025-04-01T00:00:00,month
8117222,37,4,9,1,1.51,2025-04-01T00:00:00,month
8117224,37,4,10,1,,2025-04-01T00:00:00,month
8117229,37,4,3,1,,2025-04-01T00:00:00,month
8117230,37,4,4,1,,2025-04-01T00:00:00,month
8117232,37,4,1,1,0.01,2025-04-01T00:00:00,month
8117233,37,4,2,1,0.01,2025-04-01T00:00:00,month
8117234,37,4,6,1,1.53,2025-04-01T00:00:00,month
8117235,37,4,7,1,1.29,2025-04-01T00:00:00,month
8117236,37,4,5,1,0.82,2025-04-01T00:00:00,month
8118131,37,3,2,1,0.46,2016-12-01T00:00:00,month
8118132,37,3,8,1,0.77,2016-12-01T00:00:00,month
8118133,37,3,6,1,0.95,2016-12-01T00:00:00,month
8118135,37,3,1,1,0.26,2016-12-01T00:00:00,month
8118136,37,3,5,1,0.46,2016-12-01T00:00:00,month
8118140,37,3,11,1,1.4,2016-12-01T00:00:00,month
8118142,37,3,7,1,0.72,2016-12-01T00:00:00,month
8118662,37,4,8,1,1.62,2025-06-01T00:00:00,month
8118664,37,4,9,1,1.22,2025-06-01T00:00:00,month
8118665,37,4,10,1,,2025-06-01T00:00:00,month
8118668,37,4,11,1,1.22,2025-06-01T00:00:00,month
8118672,37,4,4,1,,2025-06-01T00:00:00,month
8118673,37,4,2,1,0.01,2025-06-01T00:00:00,month
8118674,37,4,3,1,,2025-06-01T00:00:00,month
8118675,37,4,7,1,1.57,2025-06-01T00:00:00,month
8118676,37,4,6,1,1.71,2025-06-01T00:00:00,month
8118678,37,4,1,1,0.01,2025-06-01T00:00:00,month
8118680,37,4,5,1,1.19,2025-06-01T00:00:00,month
8118947,37,3,3,1,0.56,2016-12-01T00:00:00,month
8118948,37,3,4,1,0.24,2016-12-01T00:00:00,month
8118949,37,3,9,1,1.38,2016-12-01T00:00:00,month
8119001,37,2,4,1,5.66,2016-12-01T00:00:00,month
8119003,37,2,11,1,7.4,2016-12-01T00:00:00,month
8119004,37,2,3,1,6.94,2016-12-01T00:00:00,month
8119008,37,2,5,1,7.32,2016-12-01T00:00:00,month
8119009,37,2,7,1,6.62,2016-12-01T00:00:00,month
8119010,37,2,1,1,3.17,2016-12-01T00:00:00,month
8119011,37,2,6,1,7.28,2016-12-01T00:00:00,month
8119012,37,2,10,1,7.2,2016-12-01T00:00:00,month
8119013,37,2,8,1,7.0,2016-12-01T00:00:00,month
8119016,37,2,9,1,7.41,2016-12-01T00:00:00,month
8119017,37,2,6,1,11.86,2015-05-01T00:00:00,month
8119018,37,2,1,1,2.68,2015-05-01T00:00:00,month
8110486,37,2,3,1,11.59,2015-05-01T00:00:00,month
8110487,37,2,11,1,10.74,2015-05-01T00:00:00,month
8110488,37,2,7,1,8.97,2015-05-01T00:00:00,month
8110489,37,2,5,1,7.94,2015-05-01T00:00:00,month
8110491,37,2,4,1,9.16,2015-05-01T00:00:00,month
8110561,37,3,10,1,2.33,2016-12-01T00:00:00,month
8110565,37,3,7,1,3.96,2015-05-01T00:00:00,month
8110566,37,3,11,1,4.53,2015-05-01T00:00:00,month
8110570,37,3,5,1,3.93,2015-05-01T00:00:00,month
8115241,37,2,4,1,17.67,2025-08-01T00:00:00,month
8115243,37,2,11,1,16.38,2025-08-01T00:00:00,month
8115244,37,2,3,1,16.02,2025-08-01T00:00:00,month
8115311,37,2,2,1,14.94,2025-10-01T00:00:00,month
8115312,37,2,10,1,8.99,2025-10-01T00:00:00,month
8115313,37,2,6,1,15.04,2025-10-01T00:00:00,month
8115314,37,2,1,1,9.18,2025-10-01T00:00:00,month
8115315,37,2,5,1,15.35,2025-10-01T00:00:00,month
8115317,37,2,7,1,15.32,2025-10-01T00:00:00,month
8115397,37,4,9,1,0.63,2017-04-01T00:00:00,month
8115398,37,4,11,1,0.63,2017-04-01T00:00:00,month
8115401,37,4,8,1,0.44,2017-04-01T00:00:00,month
8115608,37,2,3,1,16.09,2025-10-01T00:00:00,month
8115609,37,2,11,1,12.95,2025-10-01T00:00:00,month
8115611,37,2,4,1,15.67,2025-10-01T00:00:00,month
8115641,37,3,5,1,0.24,2021-05-01T00:00:00,month
8115642,37,3,1,1,0.05,2021-05-01T00:00:00,month
8115644,37,3,8,1,0.46,2021-05-01T00:00:00,month
8115645,37,3,6,1,0.41,2021-05-01T00:00:00,month
8115646,37,3,2,1,0.55,2021-05-01T00:00:00,month
8116463,37,4,5,1,0.35,2021-05-01T00:00:00,month
8116464,37,4,7,1,0.12,2021-05-01T00:00:00,month
8116465,37,4,6,1,0.35,2021-05-01T00:00:00,month
8116466,37,4,2,1,0.01,2021-05-01T00:00:00,month
8116467,37,4,1,1,0.01,2021-05-01T00:00:00,month
8116469,37,4,4,1,0.56,2021-05-01T00:00:00,month
8116470,37,4,3,1,,2021-05-01T00:00:00,month
8116475,37,4,10,1,,2021-05-01T00:00:00,month
8116477,37,4,9,1,0.32,2021-05-01T00:00:00,month
8116478,37,4,11,1,0.32,2021-05-01T00:00:00,month
8116481,37,4,8,1,0.38,2021-05-01T00:00:00,month
8117992,37,3,10,1,2.03,2018-02-01T00:00:00,month
8117993,37,3,9,1,1.58,2018-02-01T00:00:00,month
8117994,37,3,4,1,0.25,2018-02-01T00:00:00,month
8117995,37,3,3,1,0.58,2018-02-01T00:00:00,month
8117998,37,3,7,1,0.76,2018-02-01T00:00:00,month
8118000,37,3,11,1,1.62,2018-02-01T00:00:00,month
8118149,37,3,5,1,0.5,2018-02-01T00:00:00,month
8118150,37,3,1,1,0.3,2018-02-01T00:00:00,month
8118152,37,3,6,1,1.05,2018-02-01T00:00:00,month
8118153,37,3,8,1,0.81,2018-02-01T00:00:00,month
8118154,37,3,2,1,0.46,2018-02-01T00:00:00,month
8118801,37,3,5,1,0.54,2020-03-01T00:00:00,month
8118802,37,3,1,1,0.13,2020-03-01T00:00:00,month
8118818,37,2,6,1,4.58,2020-03-01T00:00:00,month
8118819,37,2,1,1,2.88,2020-03-01T00:00:00,month
8118820,37,2,5,1,4.55,2020-03-01T00:00:00,month
8118822,37,2,7,1,4.23,2020-03-01T00:00:00,month
8111096,37,4,5,1,0.24,2018-02-01T00:00:00,month
8111097,37,4,3,1,0.16,2018-02-01T00:00:00,month
8111098,37,4,7,1,0.26,2018-02-01T00:00:00,month
8111099,37,4,6,1,0.53,2018-02-01T00:00:00,month
8111100,37,4,2,1,0.07,2018-02-01T00:00:00,month
8111101,37,4,4,1,0.31,2018-02-01T00:00:00,month
8111102,37,4,1,1,0.07,2018-02-01T00:00:00,month
8111116,37,2,9,1,4.4,2021-05-01T00:00:00,month
8111119,37,2,8,1,3.36,2021-05-01T00:00:00,month
8111120,37,2,10,1,5.0,2021-05-01T00:00:00,month
8111121,37,2,2,1,2.49,2021-05-01T00:00:00,month
8111122,37,2,6,1,3.69,2021-05-01T00:00:00,month
8111123,37,2,1,1,2.65,2021-05-01T00:00:00,month
8111127,37,2,3,1,2.36,2021-05-01T00:00:00,month
8111128,37,2,11,1,4.49,2021-05-01T00:00:00,month
8111129,37,2,7,1,3.32,2021-05-01T00:00:00,month
8111131,37,2,4,1,2.83,2021-05-01T00:00:00,month
8111277,37,2,5,1,3.32,2021-05-01T00:00:00,month
8111364,37,3,10,1,1.61,2020-03-01T00:00:00,month
8111365,37,3,3,1,0.96,2020-03-01T00:00:00,month
8111367,37,3,9,1,1.05,2020-03-01T00:00:00,month
8111368,37,3,4,1,0.55,2020-03-01T00:00:00,month
8111369,37,3,11,1,1.07,2020-03-01T00:00:00,month
8111372,37,3,7,1,0.78,2020-03-01T00:00:00,month
8111522,37,4,10,1,0.53,2018-02-01T00:00:00,month
8111523,37,4,9,1,0.58,2018-02-01T00:00:00,month
8111524,37,4,11,1,0.57,2018-02-01T00:00:00,month
8111527,37,4,8,1,0.46,2018-02-01T00:00:00,month
8112402,37,2,9,1,5.18,2020-03-01T00:00:00,month
8112405,37,2,8,1,4.32,2020-03-01T00:00:00,month
8112407,37,2,2,1,3.26,2020-03-01T00:00:00,month
8112408,37,2,10,1,5.02,2020-03-01T00:00:00,month
8112667,37,2,2,1,3.15,2018-02-01T00:00:00,month
8112668,37,2,9,1,6.73,2018-02-01T00:00:00,month
8112671,37,2,8,1,5.72,2018-02-01T00:00:00,month
8112672,37,2,10,1,5.33,2018-02-01T00:00:00,month
8112673,37,2,6,1,5.78,2018-02-01T00:00:00,month
8112674,37,2,1,1,2.43,2018-02-01T00:00:00,month
8112675,37,2,7,1,5.53,2018-02-01T00:00:00,month
8112676,37,2,5,1,5.93,2018-02-01T00:00:00,month
8112680,37,2,3,1,5.47,2018-02-01T00:00:00,month
8112681,37,2,11,1,6.66,2018-02-01T00:00:00,month
8112683,37,2,4,1,4.87,2018-02-01T00:00:00,month
8113377,37,4,1,1,0.01,2020-03-01T00:00:00,month
8113378,37,4,5,1,0.13,2020-03-01T00:00:00,month
8113379,37,4,6,1,0.29,2020-03-01T00:00:00,month
8113380,37,4,7,1,0.07,2020-03-01T00:00:00,month
8113381,37,4,3,1,,2020-03-01T00:00:00,month
8113382,37,4,2,1,0.01,2020-03-01T00:00:00,month
8113383,37,4,4,1,0.1,2020-03-01T00:00:00,month
8113865,37,4,10,1,0.37,2020-03-01T00:00:00,month
8113866,37,4,9,1,0.46,2020-03-01T00:00:00,month
8113867,37,4,11,1,0.43,2020-03-01T00:00:00,month
8113870,37,4,8,1,0.24,2020-03-01T00:00:00,month
8114727,37,3,6,1,0.88,2020-03-01T00:00:00,month
8114728,37,3,8,1,0.82,2020-03-01T00:00:00,month
8114729,37,3,2,1,0.57,2020-03-01T00:00:00,month
8115226,37,3,10,1,0.84,2021-05-01T00:00:00,month
8118104,37,2,9,1,11.54,2015-03-01T00:00:00,month
8118110,37,3,9,1,5.38,2015-03-01T00:00:00,month
8118111,37,3,10,1,4.86,2015-03-01T00:00:00,month
8118336,37,4,5,1,0.39,2017-02-01T00:00:00,month
8118337,37,4,3,1,0.54,2017-02-01T00:00:00,month
8118338,37,4,7,1,0.45,2017-02-01T00:00:00,month
8118339,37,4,6,1,0.48,2017-02-01T00:00:00,month
8118340,37,4,2,1,0.45,2017-02-01T00:00:00,month
8118341,37,4,4,1,0.43,2017-02-01T00:00:00,month
8118342,37,4,1,1,0.05,2017-02-01T00:00:00,month
8118349,37,4,10,1,0.89,2017-02-01T00:00:00,month
8118350,37,4,9,1,0.76,2017-02-01T00:00:00,month
8118351,37,4,11,1,0.76,2017-02-01T00:00:00,month
8118354,37,4,8,1,0.51,2017-02-01T00:00:00,month
8118824,37,3,7,1,1.01,2022-12-01T00:00:00,month
8118828,37,3,11,1,0.96,2022-12-01T00:00:00,month
8118829,37,3,4,1,0.7,2022-12-01T00:00:00,month
8118831,37,3,9,1,0.96,2022-12-01T00:00:00,month
8118832,37,3,10,1,,2022-12-01T00:00:00,month
8118833,37,3,3,1,0.48,2022-12-01T00:00:00,month
8118967,37,2,7,1,5.25,2022-12-01T00:00:00,month
8118969,37,2,1,1,3.38,2022-12-01T00:00:00,month
8118970,37,2,6,1,6.17,2022-12-01T00:00:00,month
8118971,37,2,2,1,3.69,2022-12-01T00:00:00,month
8118972,37,2,10,1,6.08,2022-12-01T00:00:00,month
8118973,37,2,8,1,5.35,2022-12-01T00:00:00,month
8118976,37,2,9,1,7.31,2022-12-01T00:00:00,month
8111636,37,2,5,1,5.91,2014-08-01T00:00:00,month
8111638,37,2,4,1,5.15,2014-08-01T00:00:00,month
8111640,37,2,7,1,5.54,2014-08-01T00:00:00,month
8111641,37,2,11,1,7.8,2014-08-01T00:00:00,month
8111708,37,3,2,1,0.02,2022-12-01T00:00:00,month
8111709,37,3,8,1,1.08,2022-12-01T00:00:00,month
8111710,37,3,6,1,0.63,2022-12-01T00:00:00,month
8111712,37,3,1,1,0.01,2022-12-01T00:00:00,month
8111713,37,3,5,1,1.6,2022-12-01T00:00:00,month
8112112,37,4,8,1,1.56,2014-08-01T00:00:00,month
8112115,37,4,11,1,2.6,2014-08-01T00:00:00,month
8112116,37,4,9,1,2.64,2014-08-01T00:00:00,month
8112118,37,4,10,1,2.16,2014-08-01T00:00:00,month
8112123,37,4,3,1,0.53,2014-08-01T00:00:00,month
8112124,37,4,4,1,0.74,2014-08-01T00:00:00,month
8112277,37,2,3,1,5.49,2014-08-01T00:00:00,month
8112281,37,2,1,1,1.58,2014-08-01T00:00:00,month
8112282,37,2,6,1,7.36,2014-08-01T00:00:00,month
8112283,37,2,2,1,1.89,2014-08-01T00:00:00,month
8112284,37,2,10,1,6.44,2014-08-01T00:00:00,month
8112322,37,4,1,1,0.23,2014-08-01T00:00:00,month
8112323,37,4,2,1,0.24,2014-08-01T00:00:00,month
8112324,37,4,6,1,2.15,2014-08-01T00:00:00,month
8112325,37,4,7,1,1.36,2014-08-01T00:00:00,month
8112326,37,4,5,1,1.25,2014-08-01T00:00:00,month
8112502,37,2,8,1,6.17,2014-08-01T00:00:00,month
8112505,37,2,9,1,7.89,2014-08-01T00:00:00,month
8112708,37,3,2,1,0.28,2014-08-01T00:00:00,month
8112709,37,3,6,1,2.47,2014-08-01T00:00:00,month
8112710,37,3,8,1,1.88,2014-08-01T00:00:00,month
8112712,37,3,1,1,0.22,2014-08-01T00:00:00,month
8112713,37,3,5,1,1.65,2014-08-01T00:00:00,month
8112788,37,3,11,1,2.98,2014-08-01T00:00:00,month
8112791,37,3,7,1,1.58,2014-08-01T00:00:00,month
8112793,37,3,4,1,0.88,2014-08-01T00:00:00,month
8112794,37,3,9,1,3.04,2014-08-01T00:00:00,month
8112796,37,3,3,1,1.54,2014-08-01T00:00:00,month
8112797,37,3,10,1,2.43,2014-08-01T00:00:00,month
8113133,37,3,10,1,2.14,2017-02-01T00:00:00,month
8113134,37,3,9,1,1.64,2017-02-01T00:00:00,month
8113136,37,3,4,1,0.4,2017-02-01T00:00:00,month
8113137,37,3,3,1,0.59,2017-02-01T00:00:00,month
8113730,37,3,10,1,,2023-07-01T00:00:00,month
8113738,37,3,2,1,0.67,2023-09-01T00:00:00,month
8113739,37,3,8,1,1.34,2023-09-01T00:00:00,month
8113740,37,3,1,1,0.01,2023-09-01T00:00:00,month
8113741,37,3,6,1,1.27,2023-09-01T00:00:00,month
8113743,37,3,5,1,1.22,2023-09-01T00:00:00,month
8113876,37,3,3,1,0.93,2023-07-01T00:00:00,month
8113878,37,3,9,1,1.19,2023-07-01T00:00:00,month
8113881,37,3,4,1,0.92,2023-07-01T00:00:00,month
8113882,37,3,11,1,1.19,2023-07-01T00:00:00,month
8113885,37,3,5,1,1.3,2023-07-01T00:00:00,month
8113886,37,3,7,1,1.35,2023-07-01T00:00:00,month
8113890,37,3,6,1,1.59,2023-07-01T00:00:00,month
8113891,37,3,1,1,0.01,2023-07-01T00:00:00,month
8113892,37,3,8,1,1.42,2023-07-01T00:00:00,month
8113893,37,3,2,1,0.07,2023-07-01T00:00:00,month
8114653,37,3,7,1,0.79,2017-02-01T00:00:00,month
8114654,37,3,11,1,1.64,2017-02-01T00:00:00,month
8114658,37,3,5,1,0.48,2017-02-01T00:00:00,month
8114659,37,3,1,1,0.21,2017-02-01T00:00:00,month
8114661,37,3,6,1,1.03,2017-02-01T00:00:00,month
8114662,37,3,8,1,0.85,2017-02-01T00:00:00,month
8112385,37,4,11,1,0.41,2022-02-01T00:00:00,month
8112636,37,2,9,1,7.67,2022-02-01T00:00:00,month
8112639,37,2,8,1,5.08,2022-02-01T00:00:00,month
8112641,37,2,2,1,5.95,2022-02-01T00:00:00,month
8112642,37,2,10,1,7.65,2022-02-01T00:00:00,month
8112643,37,2,6,1,4.98,2022-02-01T00:00:00,month
8112644,37,2,1,1,5.45,2022-02-01T00:00:00,month
8112645,37,2,5,1,5.16,2022-02-01T00:00:00,month
8112989,37,3,6,1,1.07,2017-12-01T00:00:00,month
8112990,37,3,8,1,0.77,2017-12-01T00:00:00,month
8112991,37,3,2,1,0.3,2017-12-01T00:00:00,month
8113006,37,2,9,1,7.0,2017-12-01T00:00:00,month
8113009,37,2,1,1,2.54,2017-12-01T00:00:00,month
8113010,37,2,8,1,5.28,2017-12-01T00:00:00,month
8113011,37,2,10,1,4.63,2017-12-01T00:00:00,month
8113012,37,2,2,1,3.62,2017-12-01T00:00:00,month
8113013,37,2,6,1,6.42,2017-12-01T00:00:00,month
8113017,37,2,3,1,5.53,2017-12-01T00:00:00,month
8113018,37,2,11,1,6.94,2017-12-01T00:00:00,month
8113019,37,2,7,1,5.18,2017-12-01T00:00:00,month
8113020,37,2,5,1,5.09,2017-12-01T00:00:00,month
8113022,37,2,4,1,4.63,2017-12-01T00:00:00,month
8113148,37,2,7,1,5.11,2022-02-01T00:00:00,month
8113150,37,2,3,1,6.82,2022-02-01T00:00:00,month
8113151,37,2,11,1,7.67,2022-02-01T00:00:00,month
8113153,37,2,4,1,5.03,2022-02-01T00:00:00,month
8113664,37,3,10,1,,2026-04-01T00:00:00,month
8113665,37,3,3,1,,2026-04-01T00:00:00,month
8113667,37,3,9,1,2.91,2026-04-01T00:00:00,month
8113668,37,3,4,1,2.47,2026-04-01T00:00:00,month
8113669,37,3,11,1,2.91,2026-04-01T00:00:00,month
8115419,37,4,5,1,0.33,2017-12-01T00:00:00,month
8115420,37,4,3,1,0.17,2017-12-01T00:00:00,month
8115421,37,4,7,1,0.25,2017-12-01T00:00:00,month
8115422,37,4,6,1,0.37,2017-12-01T00:00:00,month
8115423,37,4,2,1,0.13,2017-12-01T00:00:00,month
8115424,37,4,4,1,0.23,2017-12-01T00:00:00,month
8115425,37,4,1,1,0.12,2017-12-01T00:00:00,month
8115432,37,4,10,1,0.47,2017-12-01T00:00:00,month
8115433,37,4,9,1,0.74,2017-12-01T00:00:00,month
8115434,37,4,11,1,0.68,2017-12-01T00:00:00,month
8115632,37,2,9,1,12.57,2026-02-01T00:00:00,month
8116131,37,2,5,1,3.99,2020-06-01T00:00:00,month
8116133,37,2,4,1,3.42,2020-06-01T00:00:00,month
8116135,37,2,7,1,4.05,2020-06-01T00:00:00,month
8116136,37,2,11,1,4.9,2020-06-01T00:00:00,month
8116246,37,2,5,1,5.87,2018-12-01T00:00:00,month
8116247,37,2,7,1,5.89,2018-12-01T00:00:00,month
8116248,37,2,11,1,6.75,2018-12-01T00:00:00,month
8116249,37,2,3,1,4.9,2018-12-01T00:00:00,month
8116253,37,2,6,1,6.36,2018-12-01T00:00:00,month
8116254,37,2,2,1,4.62,2018-12-01T00:00:00,month
8116327,37,2,10,1,6.07,2018-12-01T00:00:00,month
8116328,37,2,8,1,5.98,2018-12-01T00:00:00,month
8116329,37,2,1,1,4.24,2018-12-01T00:00:00,month
8116332,37,2,9,1,6.77,2018-12-01T00:00:00,month
8116395,37,3,2,1,0.01,2024-08-01T00:00:00,month
8116396,37,3,6,1,2.34,2024-08-01T00:00:00,month
8116397,37,3,8,1,1.91,2024-08-01T00:00:00,month
8116444,37,4,8,1,0.39,2020-06-01T00:00:00,month
8116447,37,4,11,1,0.31,2020-06-01T00:00:00,month
8116448,37,4,9,1,0.29,2020-06-01T00:00:00,month
8116450,37,4,10,1,0.39,2020-06-01T00:00:00,month
8116455,37,4,3,1,,2020-06-01T00:00:00,month
8116456,37,4,4,1,0.2,2020-06-01T00:00:00,month
8116458,37,4,1,1,0.01,2020-06-01T00:00:00,month
8116459,37,4,2,1,0.01,2020-06-01T00:00:00,month
8116460,37,4,6,1,0.39,2020-06-01T00:00:00,month
8116461,37,4,7,1,0.31,2020-06-01T00:00:00,month
8116462,37,4,5,1,0.21,2020-06-01T00:00:00,month
8116558,37,4,8,1,1.43,2024-08-01T00:00:00,month
8116561,37,4,11,1,1.62,2024-08-01T00:00:00,month
8116562,37,4,9,1,1.62,2024-08-01T00:00:00,month
8116564,37,4,10,1,,2024-08-01T00:00:00,month
8116569,37,4,3,1,,2024-08-01T00:00:00,month
8116570,37,4,4,1,,2024-08-01T00:00:00,month
8116572,37,4,1,1,0.01,2024-08-01T00:00:00,month
8116573,37,4,2,1,0.01,2024-08-01T00:00:00,month
8116574,37,4,6,1,1.68,2024-08-01T00:00:00,month
8116575,37,4,7,1,1.27,2024-08-01T00:00:00,month
8116576,37,4,5,1,1.26,2024-08-01T00:00:00,month
8116620,37,3,1,1,0.01,2024-08-01T00:00:00,month
8116621,37,3,5,1,1.82,2024-08-01T00:00:00,month
8116625,37,3,11,1,1.29,2024-08-01T00:00:00,month
8116628,37,3,7,1,1.87,2024-08-01T00:00:00,month
8116630,37,3,4,1,1.46,2024-08-01T00:00:00,month
8116631,37,3,9,1,1.29,2024-08-01T00:00:00,month
8116633,37,3,3,1,,2024-08-01T00:00:00,month
8116634,37,3,10,1,0.25,2024-08-01T00:00:00,month
8116801,37,3,10,1,2.51,2014-10-01T00:00:00,month
8116802,37,3,9,1,3.12,2014-10-01T00:00:00,month
8116804,37,3,4,1,0.91,2014-10-01T00:00:00,month
8116805,37,3,3,1,1.17,2014-10-01T00:00:00,month
8116809,37,3,7,1,1.63,2014-10-01T00:00:00,month
8116810,37,3,11,1,3.08,2014-10-01T00:00:00,month
8116939,37,4,10,1,2.18,2014-10-01T00:00:00,month
8116940,37,4,9,1,2.88,2014-10-01T00:00:00,month
8116941,37,4,11,1,2.83,2014-10-01T00:00:00,month
8116944,37,4,8,1,1.81,2014-10-01T00:00:00,month
8117962,37,3,5,1,1.91,2014-10-01T00:00:00,month
8117963,37,3,1,1,0.15,2014-10-01T00:00:00,month
8117965,37,3,6,1,2.68,2014-10-01T00:00:00,month
8117966,37,3,8,1,2.06,2014-10-01T00:00:00,month
8117967,37,3,2,1,0.22,2014-10-01T00:00:00,month
8118078,37,2,3,1,5.58,2014-10-01T00:00:00,month
8118079,37,2,11,1,8.02,2014-10-01T00:00:00,month
8118080,37,2,7,1,5.71,2014-10-01T00:00:00,month
8118081,37,2,5,1,5.93,2014-10-01T00:00:00,month
8118083,37,2,4,1,5.16,2014-10-01T00:00:00,month
8118629,37,4,8,1,1.03,2026-02-01T00:00:00,month
8118631,37,4,9,1,0.82,2026-02-01T00:00:00,month
8118632,37,4,10,1,,2026-02-01T00:00:00,month
8118635,37,4,11,1,0.82,2026-02-01T00:00:00,month
8118639,37,4,4,1,,2026-02-01T00:00:00,month
8118640,37,4,2,1,0.01,2026-02-01T00:00:00,month
8118641,37,4,3,1,,2026-02-01T00:00:00,month
8118642,37,4,7,1,1.02,2026-02-01T00:00:00,month
8118644,37,4,6,1,1.2,2026-02-01T00:00:00,month
8118645,37,4,5,1,0.76,2026-02-01T00:00:00,month
8118647,37,4,1,1,0.01,2026-02-01T00:00:00,month
8110627,37,3,2,1,0.85,2018-12-01T00:00:00,month
8110700,37,3,8,1,2.56,2018-12-01T00:00:00,month
8110701,37,3,6,1,2.98,2018-12-01T00:00:00,month
8110737,37,3,1,1,0.63,2018-12-01T00:00:00,month
8110738,37,3,5,1,1.51,2018-12-01T00:00:00,month
8110742,37,3,11,1,3.27,2018-12-01T00:00:00,month
8110743,37,3,7,1,2.49,2018-12-01T00:00:00,month
8110747,37,3,3,1,0.93,2018-12-01T00:00:00,month
8110748,37,3,4,1,1.01,2018-12-01T00:00:00,month
8110750,37,3,9,1,3.25,2018-12-01T00:00:00,month
8110751,37,3,10,1,3.44,2018-12-01T00:00:00,month
8111104,37,2,3,1,3.36,2020-06-01T00:00:00,month
8115744,37,4,5,1,0.28,2019-06-01T00:00:00,month
8115745,37,4,7,1,0.32,2019-06-01T00:00:00,month
8116000,37,2,9,1,6.85,2019-06-01T00:00:00,month
8116003,37,2,8,1,5.73,2019-06-01T00:00:00,month
8116004,37,2,10,1,6.81,2019-06-01T00:00:00,month
8116005,37,2,2,1,4.41,2019-06-01T00:00:00,month
8116006,37,2,6,1,6.05,2019-06-01T00:00:00,month
8116007,37,2,1,1,3.81,2019-06-01T00:00:00,month
8116011,37,2,3,1,4.82,2019-06-01T00:00:00,month
8116012,37,2,11,1,6.85,2019-06-01T00:00:00,month
8116013,37,2,7,1,5.63,2019-06-01T00:00:00,month
8116015,37,2,4,1,5.22,2019-06-01T00:00:00,month
8116017,37,2,5,1,5.81,2019-06-01T00:00:00,month
8116038,37,2,9,1,5.55,2020-01-01T00:00:00,month
8116114,37,2,8,1,4.74,2020-01-01T00:00:00,month
8116115,37,2,10,1,5.87,2020-01-01T00:00:00,month
8116116,37,2,2,1,3.67,2020-01-01T00:00:00,month
8116117,37,2,6,1,5.08,2020-01-01T00:00:00,month
8116118,37,2,1,1,3.66,2020-01-01T00:00:00,month
8116122,37,2,3,1,3.68,2020-01-01T00:00:00,month
8116123,37,2,11,1,5.56,2020-01-01T00:00:00,month
8116124,37,2,7,1,4.66,2020-01-01T00:00:00,month
8116126,37,2,4,1,3.81,2020-01-01T00:00:00,month
8116128,37,2,5,1,4.71,2020-01-01T00:00:00,month
8116137,37,4,6,1,0.36,2019-06-01T00:00:00,month
8116138,37,4,2,1,0.05,2019-06-01T00:00:00,month
8116139,37,4,1,1,0.05,2019-06-01T00:00:00,month
8116141,37,4,4,1,0.32,2019-06-01T00:00:00,month
8116142,37,4,3,1,0.1,2019-06-01T00:00:00,month
8116147,37,4,10,1,0.51,2019-06-01T00:00:00,month
8116149,37,4,9,1,0.38,2019-06-01T00:00:00,month
8116150,37,4,11,1,0.4,2019-06-01T00:00:00,month
8116153,37,4,8,1,0.35,2019-06-01T00:00:00,month
8116173,37,4,5,1,0.17,2020-01-01T00:00:00,month
8116174,37,4,7,1,0.04,2020-01-01T00:00:00,month
8116427,37,4,6,1,0.21,2020-01-01T00:00:00,month
8116428,37,4,2,1,0.01,2020-01-01T00:00:00,month
8116429,37,4,1,1,0.01,2020-01-01T00:00:00,month
8116431,37,4,4,1,0.1,2020-01-01T00:00:00,month
8116432,37,4,3,1,,2020-01-01T00:00:00,month
8116437,37,4,10,1,0.75,2020-01-01T00:00:00,month
8116439,37,4,9,1,0.35,2020-01-01T00:00:00,month
8116440,37,4,11,1,0.58,2020-01-01T00:00:00,month
8116443,37,4,8,1,0.19,2020-01-01T00:00:00,month
8111378,37,3,2,1,0.47,2020-08-01T00:00:00,month
8111379,37,3,8,1,0.44,2020-08-01T00:00:00,month
8111380,37,3,6,1,0.4,2020-08-01T00:00:00,month
8111382,37,3,1,1,0.07,2020-08-01T00:00:00,month
8111383,37,3,5,1,0.46,2020-08-01T00:00:00,month
8111387,37,3,11,1,0.67,2020-08-01T00:00:00,month
8111388,37,3,7,1,0.42,2020-08-01T00:00:00,month
8111392,37,3,3,1,0.74,2020-08-01T00:00:00,month
8111393,37,3,4,1,0.57,2020-08-01T00:00:00,month
8111395,37,3,9,1,0.63,2020-08-01T00:00:00,month
8111396,37,3,10,1,0.96,2020-08-01T00:00:00,month
8111948,37,2,4,1,2.96,2020-08-01T00:00:00,month
8111950,37,2,5,1,3.61,2020-08-01T00:00:00,month
8111951,37,2,7,1,3.43,2020-08-01T00:00:00,month
8111952,37,2,11,1,4.31,2020-08-01T00:00:00,month
8111953,37,2,3,1,2.53,2020-08-01T00:00:00,month
8111957,37,2,1,1,2.61,2020-08-01T00:00:00,month
8111958,37,2,6,1,3.78,2020-08-01T00:00:00,month
8111959,37,2,2,1,2.58,2020-08-01T00:00:00,month
8111960,37,2,10,1,4.83,2020-08-01T00:00:00,month
8111961,37,2,8,1,3.51,2020-08-01T00:00:00,month
8111964,37,2,9,1,4.29,2020-08-01T00:00:00,month
8113213,37,3,10,1,2.79,2019-06-01T00:00:00,month
8113214,37,3,3,1,0.91,2019-06-01T00:00:00,month
8113216,37,3,9,1,2.39,2019-06-01T00:00:00,month
8113217,37,3,4,1,0.75,2019-06-01T00:00:00,month
8113250,37,4,8,1,0.15,2020-08-01T00:00:00,month
8113253,37,4,11,1,0.42,2020-08-01T00:00:00,month
8113254,37,4,9,1,0.42,2020-08-01T00:00:00,month
8113255,37,4,10,1,0.57,2020-08-01T00:00:00,month
8113262,37,4,1,1,0.01,2020-08-01T00:00:00,month
8113263,37,4,4,1,0.1,2020-08-01T00:00:00,month
8113264,37,4,2,1,0.01,2020-08-01T00:00:00,month
8113265,37,4,6,1,0.16,2020-08-01T00:00:00,month
8113266,37,4,7,1,0.04,2020-08-01T00:00:00,month
8113267,37,4,3,1,,2020-08-01T00:00:00,month
8113268,37,4,5,1,0.11,2020-08-01T00:00:00,month
8114241,37,3,7,1,1.64,2019-06-01T00:00:00,month
8114244,37,3,11,1,2.41,2019-06-01T00:00:00,month
8115020,37,3,5,1,1.5,2019-06-01T00:00:00,month
8115021,37,3,1,1,0.48,2019-06-01T00:00:00,month
8115023,37,3,8,1,1.7,2019-06-01T00:00:00,month
8115024,37,3,6,1,1.99,2019-06-01T00:00:00,month
8115025,37,3,2,1,0.74,2019-06-01T00:00:00,month
8115188,37,3,10,1,1.68,2020-01-01T00:00:00,month
8115189,37,3,3,1,0.98,2020-01-01T00:00:00,month
8115191,37,3,9,1,1.12,2020-01-01T00:00:00,month
8115853,37,2,9,1,12.56,2023-12-01T00:00:00,month
8115856,37,2,8,1,11.73,2023-12-01T00:00:00,month
8115858,37,2,2,1,6.83,2023-12-01T00:00:00,month
8115859,37,2,10,1,10.7,2023-12-01T00:00:00,month
8115860,37,2,6,1,12.3,2023-12-01T00:00:00,month
8115861,37,2,1,1,4.11,2023-12-01T00:00:00,month
8115862,37,2,5,1,12.15,2023-12-01T00:00:00,month
8115864,37,2,7,1,11.64,2023-12-01T00:00:00,month
8115866,37,2,3,1,8.91,2023-12-01T00:00:00,month
8115867,37,2,11,1,12.4,2023-12-01T00:00:00,month
8115869,37,2,4,1,9.46,2023-12-01T00:00:00,month
8117034,37,3,10,1,,2023-12-01T00:00:00,month
8117035,37,3,3,1,1.01,2023-12-01T00:00:00,month
8117037,37,3,9,1,1.92,2023-12-01T00:00:00,month
8117038,37,3,4,1,1.73,2023-12-01T00:00:00,month
8117039,37,3,11,1,1.92,2023-12-01T00:00:00,month
8117042,37,3,7,1,1.27,2023-12-01T00:00:00,month
8117046,37,3,5,1,1.92,2023-12-01T00:00:00,month
8117048,37,3,6,1,0.86,2023-12-01T00:00:00,month
8117049,37,3,1,1,0.01,2023-12-01T00:00:00,month
8117050,37,3,8,1,1.3,2023-12-01T00:00:00,month
8117051,37,3,2,1,0.92,2023-12-01T00:00:00,month
8117755,37,4,1,1,0.01,2023-12-01T00:00:00,month
8117757,37,4,5,1,1.25,2023-12-01T00:00:00,month
8117758,37,4,6,1,1.24,2023-12-01T00:00:00,month
8117760,37,4,7,1,1.1,2023-12-01T00:00:00,month
8117761,37,4,3,1,,2023-12-01T00:00:00,month
8117762,37,4,2,1,0.01,2023-12-01T00:00:00,month
8117763,37,4,4,1,1.75,2023-12-01T00:00:00,month
8117767,37,4,11,1,1.06,2023-12-01T00:00:00,month
8117770,37,4,10,1,,2023-12-01T00:00:00,month
8117771,37,4,9,1,1.06,2023-12-01T00:00:00,month
8117773,37,4,8,1,1.25,2023-12-01T00:00:00,month
8118155,37,3,2,1,0.5,2018-04-01T00:00:00,month
8118156,37,3,8,1,0.89,2018-04-01T00:00:00,month
8118157,37,3,6,1,1.14,2018-04-01T00:00:00,month
8118159,37,3,1,1,0.12,2018-04-01T00:00:00,month
8118160,37,3,5,1,0.56,2018-04-01T00:00:00,month
8118164,37,3,11,1,1.56,2018-04-01T00:00:00,month
8118166,37,3,7,1,0.83,2018-04-01T00:00:00,month
8118440,37,4,1,1,0.03,2018-04-01T00:00:00,month
8118441,37,4,4,1,0.18,2018-04-01T00:00:00,month
8118442,37,4,2,1,0.03,2018-04-01T00:00:00,month
8118443,37,4,6,1,0.46,2018-04-01T00:00:00,month
8118444,37,4,7,1,0.19,2018-04-01T00:00:00,month
8118445,37,4,3,1,0.15,2018-04-01T00:00:00,month
8118446,37,4,5,1,0.26,2018-04-01T00:00:00,month
8110496,37,2,4,1,8.74,2015-06-01T00:00:00,month
8110498,37,2,5,1,8.42,2015-06-01T00:00:00,month
8110499,37,2,7,1,8.86,2015-06-01T00:00:00,month
8110500,37,2,11,1,10.29,2015-06-01T00:00:00,month
8110501,37,2,3,1,10.95,2015-06-01T00:00:00,month
8110505,37,2,1,1,2.09,2015-06-01T00:00:00,month
8110506,37,2,6,1,10.9,2015-06-01T00:00:00,month
8110507,37,2,2,1,3.5,2015-06-01T00:00:00,month
8110508,37,2,10,1,8.52,2015-06-01T00:00:00,month
8110509,37,2,8,1,9.36,2015-06-01T00:00:00,month
8110512,37,2,9,1,10.35,2015-06-01T00:00:00,month
8110576,37,3,2,1,0.69,2015-06-01T00:00:00,month
8110577,37,3,8,1,3.87,2015-06-01T00:00:00,month
8110578,37,3,6,1,4.7,2015-06-01T00:00:00,month
8110580,37,3,1,1,0.48,2015-06-01T00:00:00,month
8110581,37,3,5,1,3.2,2015-06-01T00:00:00,month
8110585,37,3,11,1,4.75,2015-06-01T00:00:00,month
8110586,37,3,7,1,3.54,2015-06-01T00:00:00,month
8110590,37,3,3,1,1.63,2015-06-01T00:00:00,month
8110591,37,3,4,1,1.93,2015-06-01T00:00:00,month
8110593,37,3,9,1,4.8,2015-06-01T00:00:00,month
8110594,37,3,10,1,3.16,2015-06-01T00:00:00,month
8110776,37,2,1,1,2.33,2018-04-01T00:00:00,month
8110777,37,2,6,1,5.62,2018-04-01T00:00:00,month
8110778,37,2,10,1,4.97,2018-04-01T00:00:00,month
8110779,37,2,8,1,5.59,2018-04-01T00:00:00,month
8110782,37,2,9,1,6.25,2018-04-01T00:00:00,month
8110783,37,2,2,1,3.0,2018-04-01T00:00:00,month
8111418,37,4,8,1,3.35,2015-06-01T00:00:00,month
8111493,37,4,11,1,4.12,2015-06-01T00:00:00,month
8111494,37,4,9,1,4.17,2015-06-01T00:00:00,month
8111495,37,4,10,1,2.78,2015-06-01T00:00:00,month
8111502,37,4,1,1,0.57,2015-06-01T00:00:00,month
8111503,37,4,4,1,1.48,2015-06-01T00:00:00,month
8111504,37,4,2,1,0.66,2015-06-01T00:00:00,month
8111505,37,4,6,1,4.09,2015-06-01T00:00:00,month
8111506,37,4,7,1,3.07,2015-06-01T00:00:00,month
8111507,37,4,3,1,1.21,2015-06-01T00:00:00,month
8111508,37,4,5,1,2.75,2015-06-01T00:00:00,month
8111528,37,4,8,1,0.4,2018-04-01T00:00:00,month
8111531,37,4,11,1,0.34,2018-04-01T00:00:00,month
8111532,37,4,9,1,0.39,2018-04-01T00:00:00,month
8111533,37,4,10,1,0.21,2018-04-01T00:00:00,month
8111669,37,3,2,1,0.57,2021-02-01T00:00:00,month
8113178,37,2,10,1,8.46,2022-05-01T00:00:00,month
8113179,37,2,2,1,14.38,2022-05-01T00:00:00,month
8113180,37,2,6,1,9.93,2022-05-01T00:00:00,month
8113181,37,2,1,1,7.55,2022-05-01T00:00:00,month
8113183,37,2,7,1,13.87,2022-05-01T00:00:00,month
8113225,37,4,1,1,0.02,2019-11-01T00:00:00,month
8113226,37,4,4,1,0.24,2019-11-01T00:00:00,month
8113227,37,4,2,1,0.02,2019-11-01T00:00:00,month
8113228,37,4,6,1,0.3,2019-11-01T00:00:00,month
8113229,37,4,7,1,0.2,2019-11-01T00:00:00,month
8113230,37,4,3,1,,2019-11-01T00:00:00,month
8113231,37,4,5,1,0.64,2019-11-01T00:00:00,month
8113811,37,2,3,1,16.37,2022-05-01T00:00:00,month
8113812,37,2,11,1,9.31,2022-05-01T00:00:00,month
8113813,37,2,5,1,15.84,2022-05-01T00:00:00,month
8113815,37,2,4,1,14.3,2022-05-01T00:00:00,month
8116242,37,2,9,1,8.65,2016-07-01T00:00:00,month
8116245,37,2,8,1,7.2,2016-07-01T00:00:00,month
8116333,37,2,9,1,6.92,2019-05-01T00:00:00,month
8116336,37,2,1,1,4.5,2019-05-01T00:00:00,month
8116337,37,2,8,1,5.82,2019-05-01T00:00:00,month
8116338,37,2,10,1,6.68,2019-05-01T00:00:00,month
8116339,37,2,2,1,4.64,2019-05-01T00:00:00,month
8116340,37,2,6,1,6.19,2019-05-01T00:00:00,month
8116344,37,2,3,1,4.75,2019-05-01T00:00:00,month
8116345,37,2,11,1,6.92,2019-05-01T00:00:00,month
8116346,37,2,7,1,5.72,2019-05-01T00:00:00,month
8116347,37,2,5,1,6.03,2019-05-01T00:00:00,month
8116409,37,3,7,1,1.82,2025-01-01T00:00:00,month
8116413,37,3,6,1,2.21,2025-01-01T00:00:00,month
8116414,37,3,1,1,0.01,2025-01-01T00:00:00,month
8116415,37,3,8,1,1.92,2025-01-01T00:00:00,month
8116416,37,3,2,1,0.01,2025-01-01T00:00:00,month
8116701,37,2,9,1,21.49,2025-01-01T00:00:00,month
8116704,37,2,1,1,11.99,2025-01-01T00:00:00,month
8116705,37,2,2,1,18.93,2025-01-01T00:00:00,month
8116707,37,2,8,1,21.57,2025-01-01T00:00:00,month
8116708,37,2,10,1,15.14,2025-01-01T00:00:00,month
8116709,37,2,5,1,22.13,2025-01-01T00:00:00,month
8116904,37,2,6,1,21.63,2025-01-01T00:00:00,month
8116906,37,2,7,1,21.37,2025-01-01T00:00:00,month
8116908,37,2,3,1,21.82,2025-01-01T00:00:00,month
8116909,37,2,11,1,20.87,2025-01-01T00:00:00,month
8117056,37,2,4,1,20.74,2025-01-01T00:00:00,month
8117326,37,4,5,1,2.3,2022-03-01T00:00:00,month
8117327,37,4,1,1,0.01,2022-03-01T00:00:00,month
8117328,37,4,6,1,0.21,2022-03-01T00:00:00,month
8117329,37,4,7,1,0.11,2022-03-01T00:00:00,month
8117330,37,4,3,1,,2022-03-01T00:00:00,month
8117331,37,4,2,1,0.01,2022-03-01T00:00:00,month
8117332,37,4,4,1,0.1,2022-03-01T00:00:00,month
8117339,37,4,10,1,0.38,2022-03-01T00:00:00,month
8117340,37,4,9,1,0.4,2022-03-01T00:00:00,month
8117341,37,4,11,1,0.38,2022-03-01T00:00:00,month
8117344,37,4,8,1,0.87,2022-03-01T00:00:00,month
8118572,37,4,5,1,1.42,2025-01-01T00:00:00,month
8118574,37,4,1,1,0.01,2025-01-01T00:00:00,month
8118576,37,4,6,1,1.31,2025-01-01T00:00:00,month
8118577,37,4,7,1,1.34,2025-01-01T00:00:00,month
8118578,37,4,3,1,,2025-01-01T00:00:00,month
8118579,37,4,2,1,0.01,2025-01-01T00:00:00,month
8118580,37,4,4,1,,2025-01-01T00:00:00,month
8118584,37,4,11,1,2.79,2025-01-01T00:00:00,month
8118587,37,4,10,1,,2025-01-01T00:00:00,month
8118588,37,4,9,1,2.79,2025-01-01T00:00:00,month
8118661,37,4,8,1,1.37,2025-01-01T00:00:00,month
8118932,37,3,10,1,1.38,2022-03-01T00:00:00,month
8118933,37,3,3,1,0.47,2022-03-01T00:00:00,month
8118935,37,3,9,1,0.73,2022-03-01T00:00:00,month
8118937,37,3,4,1,0.23,2022-03-01T00:00:00,month
8118938,37,3,11,1,0.78,2022-03-01T00:00:00,month
8118942,37,3,7,1,0.83,2022-03-01T00:00:00,month
8110752,37,3,10,1,3.21,2019-05-01T00:00:00,month
8110753,37,3,9,1,2.53,2019-05-01T00:00:00,month
8110755,37,3,4,1,0.98,2019-05-01T00:00:00,month
8110756,37,3,3,1,0.87,2019-05-01T00:00:00,month
8110760,37,3,7,1,1.73,2019-05-01T00:00:00,month
8110761,37,3,11,1,2.58,2019-05-01T00:00:00,month
8110765,37,3,5,1,1.42,2019-05-01T00:00:00,month
8110766,37,3,1,1,0.56,2019-05-01T00:00:00,month
8110768,37,3,6,1,2.08,2019-05-01T00:00:00,month
8110769,37,3,8,1,1.79,2019-05-01T00:00:00,month
8110770,37,3,2,1,0.74,2019-05-01T00:00:00,month
8110907,37,3,10,1,2.02,2016-07-01T00:00:00,month
8110908,37,3,3,1,0.4,2016-07-01T00:00:00,month
8110910,37,3,9,1,2.09,2016-07-01T00:00:00,month
8111295,37,3,4,1,0.37,2016-07-01T00:00:00,month
8111297,37,3,7,1,0.97,2016-07-01T00:00:00,month
8111300,37,3,11,1,2.09,2016-07-01T00:00:00,month
8111304,37,3,5,1,0.77,2016-07-01T00:00:00,month
8111305,37,3,1,1,0.45,2016-07-01T00:00:00,month
8111307,37,3,8,1,1.09,2016-07-01T00:00:00,month
8111308,37,3,6,1,1.38,2016-07-01T00:00:00,month
8111309,37,3,2,1,0.45,2016-07-01T00:00:00,month
8111905,37,2,4,1,5.37,2019-05-01T00:00:00,month
8112890,37,4,5,1,0.28,2019-05-01T00:00:00,month
8112891,37,4,3,1,0.88,2019-05-01T00:00:00,month
8112892,37,4,7,1,0.29,2019-05-01T00:00:00,month
8112893,37,4,6,1,0.42,2019-05-01T00:00:00,month
8112894,37,4,2,1,0.07,2019-05-01T00:00:00,month
8112895,37,4,4,1,0.31,2019-05-01T00:00:00,month
8112896,37,4,1,1,0.04,2019-05-01T00:00:00,month
8112903,37,4,10,1,0.59,2019-05-01T00:00:00,month
8112904,37,4,9,1,0.47,2019-05-01T00:00:00,month
8112905,37,4,11,1,0.48,2019-05-01T00:00:00,month
8112908,37,4,8,1,0.38,2019-05-01T00:00:00,month
8113328,37,3,5,1,3.29,2022-03-01T00:00:00,month
8115790,37,2,9,1,7.29,2017-03-01T00:00:00,month
8115793,37,2,8,1,6.54,2017-03-01T00:00:00,month
8115794,37,2,10,1,7.57,2017-03-01T00:00:00,month
8115795,37,2,2,1,4.08,2017-03-01T00:00:00,month
8115796,37,2,6,1,6.7,2017-03-01T00:00:00,month
8115797,37,2,1,1,3.42,2017-03-01T00:00:00,month
8115801,37,2,3,1,6.99,2017-03-01T00:00:00,month
8115802,37,2,11,1,7.3,2017-03-01T00:00:00,month
8115803,37,2,7,1,6.3,2017-03-01T00:00:00,month
8115805,37,2,4,1,5.82,2017-03-01T00:00:00,month
8117432,37,4,1,1,0.01,2022-11-01T00:00:00,month
8117433,37,4,5,1,0.97,2022-11-01T00:00:00,month
8117434,37,4,6,1,0.26,2022-11-01T00:00:00,month
8117435,37,4,7,1,0.78,2022-11-01T00:00:00,month
8117436,37,4,3,1,,2022-11-01T00:00:00,month
8117437,37,4,2,1,0.01,2022-11-01T00:00:00,month
8117438,37,4,4,1,0.9,2022-11-01T00:00:00,month
8117445,37,4,10,1,,2022-11-01T00:00:00,month
8117446,37,4,9,1,0.93,2022-11-01T00:00:00,month
8117447,37,4,11,1,0.93,2022-11-01T00:00:00,month
8117450,37,4,8,1,0.86,2022-11-01T00:00:00,month
8117714,37,4,5,1,0.41,2017-03-01T00:00:00,month
8117715,37,4,7,1,0.28,2017-03-01T00:00:00,month
8117716,37,4,6,1,0.48,2017-03-01T00:00:00,month
8117717,37,4,2,1,0.06,2017-03-01T00:00:00,month
8117718,37,4,1,1,0.06,2017-03-01T00:00:00,month
8117720,37,4,4,1,0.25,2017-03-01T00:00:00,month
8117721,37,4,3,1,0.16,2017-03-01T00:00:00,month
8117726,37,4,10,1,0.96,2017-03-01T00:00:00,month
8117728,37,4,9,1,0.75,2017-03-01T00:00:00,month
8117729,37,4,11,1,0.75,2017-03-01T00:00:00,month
8117732,37,4,8,1,0.44,2017-03-01T00:00:00,month
8117821,37,2,4,1,4.4,2018-09-01T00:00:00,month
8117823,37,2,5,1,5.25,2018-09-01T00:00:00,month
8117824,37,2,7,1,4.98,2018-09-01T00:00:00,month
8117825,37,2,11,1,5.7,2018-09-01T00:00:00,month
8117826,37,2,3,1,4.74,2018-09-01T00:00:00,month
8117830,37,2,1,1,4.18,2018-09-01T00:00:00,month
8117831,37,2,6,1,5.13,2018-09-01T00:00:00,month
8117832,37,2,2,1,4.31,2018-09-01T00:00:00,month
8117833,37,2,10,1,4.88,2018-09-01T00:00:00,month
8118038,37,4,1,1,0.01,2024-05-01T00:00:00,month
8118040,37,4,5,1,0.84,2024-05-01T00:00:00,month
8118041,37,4,6,1,2.64,2024-05-01T00:00:00,month
8118043,37,4,7,1,2.43,2024-05-01T00:00:00,month
8118044,37,4,3,1,,2024-05-01T00:00:00,month
8118045,37,4,2,1,0.01,2024-05-01T00:00:00,month
8118046,37,4,4,1,,2024-05-01T00:00:00,month
8118050,37,4,11,1,1.66,2024-05-01T00:00:00,month
8118053,37,4,10,1,,2024-05-01T00:00:00,month
8118054,37,4,9,1,1.66,2024-05-01T00:00:00,month
8118056,37,4,8,1,2.45,2024-05-01T00:00:00,month
8118205,37,3,8,1,1.37,2018-09-01T00:00:00,month
8118206,37,3,6,1,1.7,2018-09-01T00:00:00,month
8118468,37,4,1,1,0.06,2018-09-01T00:00:00,month
8118469,37,4,4,1,0.14,2018-09-01T00:00:00,month
8118470,37,4,2,1,0.06,2018-09-01T00:00:00,month
8118471,37,4,6,1,0.3,2018-09-01T00:00:00,month
8118472,37,4,7,1,0.18,2018-09-01T00:00:00,month
8118473,37,4,3,1,0.07,2018-09-01T00:00:00,month
8118474,37,4,5,1,0.19,2018-09-01T00:00:00,month
8118950,37,2,5,1,6.64,2017-03-01T00:00:00,month
8110704,37,3,1,1,0.78,2018-09-01T00:00:00,month
8110705,37,3,5,1,0.91,2018-09-01T00:00:00,month
8110709,37,3,11,1,2.28,2018-09-01T00:00:00,month
8110710,37,3,7,1,1.32,2018-09-01T00:00:00,month
8110714,37,3,3,1,0.88,2018-09-01T00:00:00,month
8110715,37,3,4,1,0.32,2018-09-01T00:00:00,month
8110717,37,3,9,1,2.24,2018-09-01T00:00:00,month
8110718,37,3,10,1,2.69,2018-09-01T00:00:00,month
8111036,37,2,8,1,5.04,2018-09-01T00:00:00,month
8111039,37,2,9,1,5.74,2018-09-01T00:00:00,month
8111590,37,4,8,1,0.26,2018-09-01T00:00:00,month
8111707,37,3,2,1,0.01,2022-11-01T00:00:00,month
8112779,37,4,11,1,0.47,2018-09-01T00:00:00,month
8112780,37,4,9,1,0.42,2018-09-01T00:00:00,month
8113684,37,3,10,1,2.4,2017-03-01T00:00:00,month
8113685,37,3,3,1,0.34,2017-03-01T00:00:00,month
8113687,37,3,9,1,1.5,2017-03-01T00:00:00,month
8113688,37,3,4,1,0.4,2017-03-01T00:00:00,month
8113690,37,3,7,1,0.77,2017-03-01T00:00:00,month
8113693,37,3,11,1,1.51,2017-03-01T00:00:00,month
8113697,37,3,5,1,0.48,2017-03-01T00:00:00,month
8113698,37,3,1,1,0.24,2017-03-01T00:00:00,month
8113700,37,3,8,1,0.82,2017-03-01T00:00:00,month
8113701,37,3,6,1,1.03,2017-03-01T00:00:00,month
8113702,37,3,2,1,0.3,2017-03-01T00:00:00,month
8113755,37,3,3,1,0.49,2022-11-01T00:00:00,month
8113756,37,3,10,1,,2022-11-01T00:00:00,month
8113757,37,3,9,1,0.94,2022-11-01T00:00:00,month
8113759,37,3,4,1,0.65,2022-11-01T00:00:00,month
8111288,37,3,3,1,0.7,2020-11-01T00:00:00,month
8111289,37,3,10,1,1.01,2020-11-01T00:00:00,month
8111703,37,3,2,1,0.59,2020-11-01T00:00:00,month
8111704,37,3,8,1,0.43,2020-11-01T00:00:00,month
8111705,37,3,6,1,0.38,2020-11-01T00:00:00,month
8111852,37,2,6,1,5.9,2018-01-01T00:00:00,month
8111853,37,2,2,1,3.13,2018-01-01T00:00:00,month
8111854,37,2,10,1,5.34,2018-01-01T00:00:00,month
8111855,37,2,8,1,5.38,2018-01-01T00:00:00,month
8111856,37,2,1,1,2.45,2018-01-01T00:00:00,month
8111859,37,2,9,1,6.44,2018-01-01T00:00:00,month
8112020,37,4,9,1,1.32,2026-05-01T00:00:00,month
8112021,37,4,10,1,,2026-05-01T00:00:00,month
8112024,37,4,11,1,1.32,2026-05-01T00:00:00,month
8112028,37,4,4,1,,2026-05-01T00:00:00,month
8112029,37,4,2,1,0.01,2026-05-01T00:00:00,month
8112030,37,4,3,1,,2026-05-01T00:00:00,month
8112031,37,4,7,1,1.01,2026-05-01T00:00:00,month
8112032,37,4,6,1,0.92,2026-05-01T00:00:00,month
8112034,37,4,1,1,0.01,2026-05-01T00:00:00,month
8112036,37,4,5,1,1.55,2026-05-01T00:00:00,month
8112085,37,2,5,1,5.89,2017-11-01T00:00:00,month
8112201,37,3,7,1,0.61,2017-11-01T00:00:00,month
8112203,37,3,4,1,0.32,2017-11-01T00:00:00,month
8112204,37,3,9,1,1.36,2017-11-01T00:00:00,month
8112206,37,3,3,1,0.5,2017-11-01T00:00:00,month
8112207,37,3,10,1,1.97,2017-11-01T00:00:00,month
8112785,37,4,1,1,0.06,2018-01-01T00:00:00,month
8112786,37,4,4,1,0.18,2018-01-01T00:00:00,month
8112787,37,4,2,1,0.06,2018-01-01T00:00:00,month
8112860,37,4,6,1,0.43,2018-01-01T00:00:00,month
8112861,37,4,7,1,0.2,2018-01-01T00:00:00,month
8112862,37,4,3,1,0.14,2018-01-01T00:00:00,month
8112863,37,4,5,1,0.26,2018-01-01T00:00:00,month
8112965,37,3,10,1,1.79,2017-06-01T00:00:00,month
8112966,37,3,9,1,1.29,2017-06-01T00:00:00,month
8112967,37,3,4,1,0.31,2017-06-01T00:00:00,month
8112968,37,3,3,1,0.4,2017-06-01T00:00:00,month
8112971,37,3,7,1,0.76,2017-06-01T00:00:00,month
8112973,37,3,11,1,1.3,2017-06-01T00:00:00,month
8112977,37,3,5,1,0.43,2017-06-01T00:00:00,month
8112978,37,3,1,1,0.17,2017-06-01T00:00:00,month
8112980,37,3,6,1,1.15,2017-06-01T00:00:00,month
8112981,37,3,8,1,0.84,2017-06-01T00:00:00,month
8112982,37,3,2,1,0.3,2017-06-01T00:00:00,month
8112992,37,3,2,1,0.33,2018-01-01T00:00:00,month
8112993,37,3,8,1,0.86,2018-01-01T00:00:00,month
8112994,37,3,6,1,1.12,2018-01-01T00:00:00,month
8112996,37,3,1,1,0.16,2018-01-01T00:00:00,month
8112997,37,3,5,1,0.51,2018-01-01T00:00:00,month
8113027,37,2,4,1,4.99,2018-01-01T00:00:00,month
8113029,37,2,5,1,5.26,2018-01-01T00:00:00,month
8113030,37,2,7,1,5.27,2018-01-01T00:00:00,month
8113031,37,2,11,1,6.39,2018-01-01T00:00:00,month
8113032,37,2,3,1,5.61,2018-01-01T00:00:00,month
8113624,37,3,2,1,0.01,2026-05-01T00:00:00,month
8113625,37,3,8,1,3.11,2026-05-01T00:00:00,month
8113626,37,3,1,1,0.01,2026-05-01T00:00:00,month
8113627,37,3,6,1,3.17,2026-05-01T00:00:00,month
8113631,37,3,7,1,3.1,2026-05-01T00:00:00,month
8113632,37,3,5,1,1.09,2026-05-01T00:00:00,month
8113635,37,3,11,1,1.87,2026-05-01T00:00:00,month
8113636,37,3,4,1,1.93,2026-05-01T00:00:00,month
8113639,37,3,9,1,1.87,2026-05-01T00:00:00,month
8113641,37,3,3,1,,2026-05-01T00:00:00,month
8113642,37,3,10,1,,2026-05-01T00:00:00,month
8114051,37,4,8,1,0.15,2020-11-01T00:00:00,month
8114054,37,4,11,1,0.19,2020-11-01T00:00:00,month
8114055,37,4,9,1,0.16,2020-11-01T00:00:00,month
8114056,37,4,10,1,0.23,2020-11-01T00:00:00,month
8114063,37,4,4,1,0.1,2020-11-01T00:00:00,month
8114064,37,4,2,1,0.01,2020-11-01T00:00:00,month
8114065,37,4,3,1,,2020-11-01T00:00:00,month
8114066,37,4,7,1,0.03,2020-11-01T00:00:00,month
8114067,37,4,6,1,0.15,2020-11-01T00:00:00,month
8114068,37,4,1,1,0.01,2020-11-01T00:00:00,month
8114069,37,4,5,1,0.1,2020-11-01T00:00:00,month
8114140,37,3,2,1,0.26,2017-11-01T00:00:00,month
8114141,37,3,6,1,1.0,2017-11-01T00:00:00,month
8114142,37,3,8,1,0.73,2017-11-01T00:00:00,month
8114144,37,3,1,1,0.08,2017-11-01T00:00:00,month
8114145,37,3,5,1,0.45,2017-11-01T00:00:00,month
8114149,37,3,11,1,1.46,2017-11-01T00:00:00,month
8114267,37,2,2,1,3.67,2017-06-01T00:00:00,month
8114268,37,2,9,1,6.98,2017-06-01T00:00:00,month
8114271,37,2,8,1,6.28,2017-06-01T00:00:00,month
8114272,37,2,10,1,7.0,2017-06-01T00:00:00,month
8114273,37,2,6,1,6.54,2017-06-01T00:00:00,month
8114274,37,2,1,1,2.56,2017-06-01T00:00:00,month
8114275,37,2,7,1,6.1,2017-06-01T00:00:00,month
8114276,37,2,5,1,6.26,2017-06-01T00:00:00,month
8118898,37,4,7,1,0.56,2016-09-01T00:00:00,month
8118899,37,4,3,1,0.5,2016-09-01T00:00:00,month
8118900,37,4,5,1,0.6,2016-09-01T00:00:00,month
8110841,37,3,2,1,0.54,2015-12-01T00:00:00,month
8110842,37,3,8,1,1.78,2015-12-01T00:00:00,month
8111060,37,3,6,1,2.35,2015-12-01T00:00:00,month
8111062,37,3,1,1,0.41,2015-12-01T00:00:00,month
8111063,37,3,5,1,1.43,2015-12-01T00:00:00,month
8111067,37,3,11,1,2.76,2015-12-01T00:00:00,month
8111068,37,3,7,1,1.65,2015-12-01T00:00:00,month
8111072,37,3,3,1,0.86,2015-12-01T00:00:00,month
8111073,37,3,4,1,0.61,2015-12-01T00:00:00,month
8111342,37,3,2,1,0.45,2021-08-01T00:00:00,month
8111343,37,3,8,1,0.46,2021-08-01T00:00:00,month
8111344,37,3,6,1,0.47,2021-08-01T00:00:00,month
8111346,37,3,1,1,0.05,2021-08-01T00:00:00,month
8111347,37,3,5,1,0.28,2021-08-01T00:00:00,month
8111423,37,3,7,1,0.45,2021-08-01T00:00:00,month
8111426,37,3,11,1,0.56,2021-08-01T00:00:00,month
8111427,37,3,4,1,0.41,2021-08-01T00:00:00,month
8111428,37,3,9,1,0.55,2021-08-01T00:00:00,month
8111430,37,3,3,1,0.49,2021-08-01T00:00:00,month
8111431,37,3,10,1,0.89,2021-08-01T00:00:00,month
8111889,37,2,4,1,3.08,2021-08-01T00:00:00,month
8111891,37,2,11,1,5.14,2021-08-01T00:00:00,month
8111892,37,2,3,1,2.77,2021-08-01T00:00:00,month
8111894,37,2,7,1,3.62,2021-08-01T00:00:00,month
8111896,37,2,5,1,3.43,2021-08-01T00:00:00,month
8111897,37,2,1,1,3.22,2021-08-01T00:00:00,month
8111898,37,2,6,1,3.89,2021-08-01T00:00:00,month
8111899,37,2,10,1,5.7,2021-08-01T00:00:00,month
8111900,37,2,2,1,2.99,2021-08-01T00:00:00,month
8111902,37,2,8,1,3.64,2021-08-01T00:00:00,month
8112237,37,3,9,1,2.78,2015-12-01T00:00:00,month
8112238,37,3,10,1,1.73,2015-12-01T00:00:00,month
8112456,37,4,8,1,1.18,2015-12-01T00:00:00,month
8112459,37,4,11,1,1.94,2015-12-01T00:00:00,month
8112460,37,4,9,1,1.96,2015-12-01T00:00:00,month
8112461,37,4,10,1,1.2,2015-12-01T00:00:00,month
8112468,37,4,1,1,0.37,2015-12-01T00:00:00,month
8112469,37,4,4,1,0.35,2015-12-01T00:00:00,month
8112470,37,4,2,1,0.51,2015-12-01T00:00:00,month
8112471,37,4,6,1,1.46,2015-12-01T00:00:00,month
8112472,37,4,7,1,1.1,2015-12-01T00:00:00,month
8112473,37,4,3,1,1.0,2015-12-01T00:00:00,month
8112635,37,2,9,1,5.11,2021-08-01T00:00:00,month
8113772,37,3,3,1,,2024-02-01T00:00:00,month
8113773,37,3,10,1,,2024-02-01T00:00:00,month
8113789,37,3,1,1,0.01,2024-11-01T00:00:00,month
8113790,37,3,8,1,2.1,2024-11-01T00:00:00,month
8113791,37,3,2,1,0.01,2024-11-01T00:00:00,month
8114252,37,2,4,1,7.28,2015-12-01T00:00:00,month
8114254,37,2,5,1,6.53,2015-12-01T00:00:00,month
8114255,37,2,7,1,7.45,2015-12-01T00:00:00,month
8114256,37,2,11,1,8.88,2015-12-01T00:00:00,month
8114257,37,2,3,1,8.48,2015-12-01T00:00:00,month
8114261,37,2,1,1,2.12,2015-12-01T00:00:00,month
8114262,37,2,6,1,9.1,2015-12-01T00:00:00,month
8114263,37,2,2,1,3.17,2015-12-01T00:00:00,month
8114264,37,2,10,1,6.54,2015-12-01T00:00:00,month
8114265,37,2,8,1,7.79,2015-12-01T00:00:00,month
8115147,37,2,9,1,19.07,2024-11-01T00:00:00,month
8115150,37,2,8,1,18.96,2024-11-01T00:00:00,month
8115152,37,2,2,1,14.72,2024-11-01T00:00:00,month
8115153,37,2,10,1,13.43,2024-11-01T00:00:00,month
8115154,37,2,6,1,19.38,2024-11-01T00:00:00,month
8115155,37,2,1,1,10.62,2024-11-01T00:00:00,month
8115236,37,2,4,1,17.24,2024-11-01T00:00:00,month
8115596,37,3,10,1,,2024-11-01T00:00:00,month
8115597,37,3,3,1,,2024-11-01T00:00:00,month
8115599,37,3,9,1,2.61,2024-11-01T00:00:00,month
8115600,37,3,4,1,2.66,2024-11-01T00:00:00,month
8115601,37,3,11,1,2.61,2024-11-01T00:00:00,month
8115604,37,3,7,1,2.1,2024-11-01T00:00:00,month
8113546,37,4,6,1,0.95,2026-01-01T00:00:00,month
8113547,37,4,1,1,0.01,2026-01-01T00:00:00,month
8114121,37,3,10,1,1.63,2017-09-01T00:00:00,month
8114122,37,3,3,1,0.42,2017-09-01T00:00:00,month
8114124,37,3,9,1,1.31,2017-09-01T00:00:00,month
8114125,37,3,4,1,0.24,2017-09-01T00:00:00,month
8114127,37,3,7,1,0.73,2017-09-01T00:00:00,month
8114130,37,3,11,1,1.31,2017-09-01T00:00:00,month
8114134,37,3,5,1,0.47,2017-09-01T00:00:00,month
8114135,37,3,1,1,0.12,2017-09-01T00:00:00,month
8114137,37,3,8,1,0.85,2017-09-01T00:00:00,month
8114138,37,3,6,1,1.16,2017-09-01T00:00:00,month
8114139,37,3,2,1,0.25,2017-09-01T00:00:00,month
8114190,37,2,5,1,15.63,2026-01-01T00:00:00,month
8114192,37,2,4,1,15.27,2026-01-01T00:00:00,month
8114194,37,2,11,1,12.18,2026-01-01T00:00:00,month
8114195,37,2,3,1,15.94,2026-01-01T00:00:00,month
8114197,37,2,7,1,15.25,2026-01-01T00:00:00,month
8114199,37,2,1,1,6.08,2026-01-01T00:00:00,month
8114200,37,2,6,1,14.88,2026-01-01T00:00:00,month
8114201,37,2,2,1,8.13,2026-01-01T00:00:00,month
8114202,37,2,10,1,7.35,2026-01-01T00:00:00,month
8114203,37,2,8,1,15.49,2026-01-01T00:00:00,month
8114206,37,2,9,1,13.02,2026-01-01T00:00:00,month
8114693,37,2,2,1,3.57,2021-10-01T00:00:00,month
8114694,37,2,1,1,3.99,2021-10-01T00:00:00,month
8114697,37,2,9,1,5.92,2021-10-01T00:00:00,month
8114872,37,3,6,1,3.28,2018-11-01T00:00:00,month
8114873,37,3,8,1,3.07,2018-11-01T00:00:00,month
8114874,37,3,2,1,0.91,2018-11-01T00:00:00,month
8115444,37,4,5,1,0.5,2018-11-01T00:00:00,month
8115445,37,4,3,1,0.34,2018-11-01T00:00:00,month
8115446,37,4,7,1,0.39,2018-11-01T00:00:00,month
8115447,37,4,6,1,0.4,2018-11-01T00:00:00,month
8115448,37,4,2,1,0.29,2018-11-01T00:00:00,month
8115449,37,4,4,1,0.31,2018-11-01T00:00:00,month
8115450,37,4,1,1,0.27,2018-11-01T00:00:00,month
8115457,37,4,10,1,0.62,2018-11-01T00:00:00,month
8115458,37,4,9,1,0.51,2018-11-01T00:00:00,month
8115459,37,4,11,1,0.54,2018-11-01T00:00:00,month
8115462,37,4,8,1,0.4,2018-11-01T00:00:00,month
8115227,37,3,3,1,0.61,2021-05-01T00:00:00,month
8115229,37,3,9,1,0.63,2021-05-01T00:00:00,month
8115230,37,3,4,1,0.46,2021-05-01T00:00:00,month
8115232,37,3,7,1,0.44,2021-05-01T00:00:00,month
8115235,37,3,11,1,0.64,2021-05-01T00:00:00,month
8115322,37,2,3,1,3.59,2020-03-01T00:00:00,month
8115323,37,2,11,1,5.18,2020-03-01T00:00:00,month
8115325,37,2,4,1,3.61,2020-03-01T00:00:00,month
8113528,37,4,8,1,1.11,2025-11-01T00:00:00,month
8113718,37,3,7,1,1.2,2023-02-01T00:00:00,month
8113719,37,3,5,1,1.87,2023-02-01T00:00:00,month
8113722,37,3,11,1,0.84,2023-02-01T00:00:00,month
8113723,37,3,4,1,0.3,2023-02-01T00:00:00,month
8113726,37,3,9,1,0.84,2023-02-01T00:00:00,month
8113728,37,3,3,1,0.43,2023-02-01T00:00:00,month
8113729,37,3,10,1,,2023-02-01T00:00:00,month
8114107,37,4,1,1,0.01,2021-12-01T00:00:00,month
8114108,37,4,5,1,0.12,2021-12-01T00:00:00,month
8114109,37,4,6,1,0.34,2021-12-01T00:00:00,month
8114110,37,4,7,1,0.02,2021-12-01T00:00:00,month
8114111,37,4,3,1,,2021-12-01T00:00:00,month
8114112,37,4,2,1,0.01,2021-12-01T00:00:00,month
8114113,37,4,4,1,0.1,2021-12-01T00:00:00,month
8114177,37,2,1,1,6.3,2025-11-01T00:00:00,month
8114181,37,2,3,1,14.44,2025-11-01T00:00:00,month
8114182,37,2,11,1,12.12,2025-11-01T00:00:00,month
8114183,37,2,7,1,15.27,2025-11-01T00:00:00,month
8114185,37,2,4,1,15.84,2025-11-01T00:00:00,month
8114187,37,2,5,1,15.41,2025-11-01T00:00:00,month
8114432,37,4,5,1,2.12,2025-11-01T00:00:00,month
8114433,37,4,7,1,1.11,2025-11-01T00:00:00,month
8114805,37,2,7,1,5.27,2023-02-01T00:00:00,month
8114807,37,2,6,1,5.64,2023-02-01T00:00:00,month
8114808,37,2,5,1,5.5,2023-02-01T00:00:00,month
8114809,37,2,10,1,6.77,2023-02-01T00:00:00,month
8114810,37,2,8,1,5.35,2023-02-01T00:00:00,month
8114812,37,2,2,1,3.67,2023-02-01T00:00:00,month
8114813,37,2,1,1,3.47,2023-02-01T00:00:00,month
8114888,37,2,9,1,7.13,2023-02-01T00:00:00,month
8115549,37,2,8,1,4.6,2021-12-01T00:00:00,month
8115550,37,2,10,1,7.09,2021-12-01T00:00:00,month
8115551,37,2,2,1,4.58,2021-12-01T00:00:00,month
8115552,37,2,6,1,4.98,2021-12-01T00:00:00,month
8115553,37,2,1,1,4.97,2021-12-01T00:00:00,month
8115555,37,2,7,1,4.62,2021-12-01T00:00:00,month
8115557,37,2,3,1,3.94,2021-12-01T00:00:00,month
8115558,37,2,11,1,6.5,2021-12-01T00:00:00,month
8115559,37,2,5,1,3.87,2021-12-01T00:00:00,month
8115561,37,2,4,1,3.81,2021-12-01T00:00:00,month
8115676,37,2,8,1,5.81,2023-04-01T00:00:00,month
8115677,37,2,10,1,7.79,2023-04-01T00:00:00,month
8115678,37,2,2,1,4.16,2023-04-01T00:00:00,month
8115708,37,4,6,1,0.35,2019-02-01T00:00:00,month
8115709,37,4,2,1,0.19,2019-02-01T00:00:00,month
8115710,37,4,1,1,0.04,2019-02-01T00:00:00,month
8115712,37,4,4,1,0.39,2019-02-01T00:00:00,month
8115713,37,4,3,1,0.38,2019-02-01T00:00:00,month
8115718,37,4,10,1,0.98,2019-02-01T00:00:00,month
8115720,37,4,9,1,0.57,2019-02-01T00:00:00,month
8115721,37,4,11,1,0.66,2019-02-01T00:00:00,month
8115724,37,4,8,1,0.38,2019-02-01T00:00:00,month
8115824,37,2,6,1,6.68,2023-04-01T00:00:00,month
8115825,37,2,1,1,4.46,2023-04-01T00:00:00,month
8115827,37,2,7,1,5.72,2023-04-01T00:00:00,month
8115829,37,2,3,1,3.31,2023-04-01T00:00:00,month
8115830,37,2,11,1,7.38,2023-04-01T00:00:00,month
8115832,37,2,4,1,4.85,2023-04-01T00:00:00,month
8117376,37,2,9,1,6.94,2019-02-01T00:00:00,month
8117379,37,2,8,1,6.1,2019-02-01T00:00:00,month
8117380,37,2,10,1,6.09,2019-02-01T00:00:00,month
8117381,37,2,2,1,4.8,2019-02-01T00:00:00,month
8117382,37,2,6,1,5.9,2019-02-01T00:00:00,month
8117383,37,2,1,1,4.62,2019-02-01T00:00:00,month
8117387,37,2,3,1,4.99,2019-02-01T00:00:00,month
8117388,37,2,11,1,6.91,2019-02-01T00:00:00,month
8117389,37,2,7,1,6.02,2019-02-01T00:00:00,month
8117391,37,2,4,1,5.18,2019-02-01T00:00:00,month
8117393,37,2,5,1,6.72,2019-02-01T00:00:00,month
8117611,37,4,1,1,0.01,2023-04-01T00:00:00,month
8117613,37,4,5,1,0.28,2023-04-01T00:00:00,month
8117614,37,4,6,1,0.74,2023-04-01T00:00:00,month
8117616,37,4,7,1,0.3,2023-04-01T00:00:00,month
8117617,37,4,3,1,,2023-04-01T00:00:00,month
8117618,37,4,2,1,0.01,2023-04-01T00:00:00,month
8117619,37,4,4,1,,2023-04-01T00:00:00,month
8117623,37,4,11,1,0.45,2023-04-01T00:00:00,month
8117626,37,4,10,1,,2023-04-01T00:00:00,month
8117627,37,4,9,1,0.45,2023-04-01T00:00:00,month
8117629,37,4,8,1,0.31,2023-04-01T00:00:00,month
8117659,37,2,1,1,3.37,2016-02-01T00:00:00,month
8117660,37,2,8,1,8.53,2016-02-01T00:00:00,month
8117661,37,2,10,1,6.71,2016-02-01T00:00:00,month
8117662,37,2,2,1,3.81,2016-02-01T00:00:00,month
8117663,37,2,6,1,8.85,2016-02-01T00:00:00,month
8117667,37,2,3,1,8.85,2016-02-01T00:00:00,month
8117668,37,2,11,1,9.41,2016-02-01T00:00:00,month
8117669,37,2,7,1,8.2,2016-02-01T00:00:00,month
8117670,37,2,5,1,8.5,2016-02-01T00:00:00,month
8117672,37,2,4,1,7.21,2016-02-01T00:00:00,month
8118766,37,3,6,1,0.84,2020-04-01T00:00:00,month
8118767,37,3,8,1,0.72,2020-04-01T00:00:00,month
8118768,37,3,2,1,0.43,2020-04-01T00:00:00,month
8118836,37,3,3,1,,2023-04-01T00:00:00,month
8118837,37,3,10,1,,2023-04-01T00:00:00,month
8118838,37,3,9,1,0.83,2023-04-01T00:00:00,month
8118841,37,3,4,1,0.71,2023-04-01T00:00:00,month
8118842,37,3,11,1,0.83,2023-04-01T00:00:00,month
8118979,37,2,5,1,5.48,2023-04-01T00:00:00,month
8118980,37,2,9,1,7.34,2023-04-01T00:00:00,month
8111252,37,3,10,1,0.87,2020-04-01T00:00:00,month
8111253,37,3,3,1,0.63,2020-04-01T00:00:00,month
8111255,37,3,9,1,0.87,2020-04-01T00:00:00,month
8111257,37,3,4,1,0.32,2020-04-01T00:00:00,month
8111258,37,3,11,1,0.87,2020-04-01T00:00:00,month
8111262,37,3,7,1,0.69,2020-04-01T00:00:00,month
8111265,37,3,5,1,0.39,2020-04-01T00:00:00,month
8111266,37,3,1,1,0.11,2020-04-01T00:00:00,month
8111772,37,4,5,1,0.67,2016-02-01T00:00:00,month
8112140,37,2,9,1,4.91,2020-04-01T00:00:00,month
8112143,37,2,1,1,2.67,2020-04-01T00:00:00,month
8112144,37,2,2,1,3.13,2020-04-01T00:00:00,month
8112146,37,2,8,1,4.32,2020-04-01T00:00:00,month
8112147,37,2,10,1,4.48,2020-04-01T00:00:00,month
8112148,37,2,6,1,4.62,2020-04-01T00:00:00,month
8112150,37,2,7,1,4.21,2020-04-01T00:00:00,month
8112152,37,2,3,1,3.63,2020-04-01T00:00:00,month
8112153,37,2,11,1,4.89,2020-04-01T00:00:00,month
8112474,37,4,3,1,0.82,2016-02-01T00:00:00,month
8112475,37,4,7,1,0.95,2016-02-01T00:00:00,month
8112476,37,4,6,1,1.07,2016-02-01T00:00:00,month
8112477,37,4,2,1,0.28,2016-02-01T00:00:00,month
8112478,37,4,4,1,0.25,2016-02-01T00:00:00,month
8112479,37,4,1,1,0.24,2016-02-01T00:00:00,month
8112486,37,4,10,1,0.83,2016-02-01T00:00:00,month
8112487,37,4,9,1,1.66,2016-02-01T00:00:00,month
8112652,37,2,9,1,9.49,2016-02-01T00:00:00,month
8112963,37,3,10,1,1.66,2016-02-01T00:00:00,month
8113188,37,3,5,1,1.72,2019-02-01T00:00:00,month
8113189,37,3,1,1,0.35,2019-02-01T00:00:00,month
8113191,37,3,8,1,2.63,2019-02-01T00:00:00,month
8110571,37,3,1,1,0.96,2015-05-01T00:00:00,month
8110573,37,3,6,1,4.89,2015-05-01T00:00:00,month
8110574,37,3,8,1,4.3,2015-05-01T00:00:00,month
8110575,37,3,2,1,1.09,2015-05-01T00:00:00,month
8110943,37,3,2,1,0.01,2025-04-01T00:00:00,month
8110944,37,3,6,1,2.78,2025-04-01T00:00:00,month
8110945,37,3,8,1,2.05,2025-04-01T00:00:00,month
8110947,37,3,1,1,0.01,2025-04-01T00:00:00,month
8110948,37,3,5,1,1.69,2025-04-01T00:00:00,month
8110952,37,3,11,1,3.27,2025-04-01T00:00:00,month
8110955,37,3,7,1,1.95,2025-04-01T00:00:00,month
8110957,37,3,4,1,0.66,2025-04-01T00:00:00,month
8110958,37,3,9,1,3.27,2025-04-01T00:00:00,month
8110960,37,3,3,1,,2025-04-01T00:00:00,month
8110961,37,3,10,1,,2025-04-01T00:00:00,month
8111007,37,4,8,1,0.52,2016-12-01T00:00:00,month
8111010,37,4,11,1,0.46,2016-12-01T00:00:00,month
8111011,37,4,9,1,0.45,2016-12-01T00:00:00,month
8111012,37,4,10,1,0.95,2016-12-01T00:00:00,month
8111019,37,4,1,1,0.08,2016-12-01T00:00:00,month
8111020,37,4,4,1,0.28,2016-12-01T00:00:00,month
8111021,37,4,2,1,0.43,2016-12-01T00:00:00,month
8111022,37,4,6,1,0.59,2016-12-01T00:00:00,month
8111023,37,4,7,1,0.45,2016-12-01T00:00:00,month
8111024,37,4,3,1,0.52,2016-12-01T00:00:00,month
8111025,37,4,5,1,0.36,2016-12-01T00:00:00,month
8111290,37,3,10,1,0.93,2021-03-01T00:00:00,month
8111291,37,3,3,1,0.66,2021-03-01T00:00:00,month
8111293,37,3,9,1,0.51,2021-03-01T00:00:00,month
8111412,37,4,10,1,2.34,2015-05-01T00:00:00,month
8111413,37,4,9,1,4.49,2015-05-01T00:00:00,month
8111414,37,4,11,1,4.37,2015-05-01T00:00:00,month
8111417,37,4,8,1,3.81,2015-05-01T00:00:00,month
8111469,37,3,4,1,0.49,2021-03-01T00:00:00,month
8111470,37,3,11,1,0.53,2021-03-01T00:00:00,month
8111474,37,3,7,1,0.38,2021-03-01T00:00:00,month
8111477,37,3,5,1,0.3,2021-03-01T00:00:00,month
8111478,37,3,1,1,0.02,2021-03-01T00:00:00,month
8111480,37,3,6,1,0.33,2021-03-01T00:00:00,month
8111481,37,3,8,1,0.4,2021-03-01T00:00:00,month
8111482,37,3,2,1,0.51,2021-03-01T00:00:00,month
8112139,37,3,11,1,1.47,2025-06-01T00:00:00,month
8112285,37,3,4,1,2.53,2025-06-01T00:00:00,month
8112288,37,3,9,1,1.47,2025-06-01T00:00:00,month
8112290,37,3,3,1,,2025-06-01T00:00:00,month
8112291,37,3,10,1,,2025-06-01T00:00:00,month
8112608,37,2,3,1,2.35,2021-03-01T00:00:00,month
8112609,37,2,11,1,4.26,2021-03-01T00:00:00,month
8112610,37,2,5,1,3.29,2021-03-01T00:00:00,month
8112612,37,2,4,1,2.86,2021-03-01T00:00:00,month
8114070,37,4,5,1,0.11,2021-03-01T00:00:00,month
8114071,37,4,1,1,0.01,2021-03-01T00:00:00,month
8114072,37,4,6,1,0.17,2021-03-01T00:00:00,month
8114073,37,4,7,1,0.11,2021-03-01T00:00:00,month
8114074,37,4,3,1,,2021-03-01T00:00:00,month
8114075,37,4,2,1,0.01,2021-03-01T00:00:00,month
8114076,37,4,4,1,0.1,2021-03-01T00:00:00,month
8114266,37,2,2,1,3.65,2016-12-01T00:00:00,month
8114847,37,2,5,1,20.16,2025-04-01T00:00:00,month
8114849,37,2,4,1,19.53,2025-04-01T00:00:00,month
8114851,37,2,7,1,20.04,2025-04-01T00:00:00,month
8114852,37,2,11,1,18.78,2025-04-01T00:00:00,month
8114853,37,2,3,1,16.67,2025-04-01T00:00:00,month
8114857,37,2,1,1,12.16,2025-04-01T00:00:00,month
8114858,37,2,6,1,20.48,2025-04-01T00:00:00,month
8114859,37,2,2,1,12.43,2025-04-01T00:00:00,month
8114860,37,2,10,1,13.81,2025-04-01T00:00:00,month
8114861,37,2,8,1,20.19,2025-04-01T00:00:00,month
8114864,37,2,9,1,19.02,2025-04-01T00:00:00,month
8115579,37,2,2,1,2.35,2021-03-01T00:00:00,month
8115581,37,2,8,1,3.21,2021-03-01T00:00:00,month
8115582,37,2,10,1,4.23,2021-03-01T00:00:00,month
8115583,37,2,6,1,3.38,2021-03-01T00:00:00,month
8115585,37,2,7,1,3.16,2021-03-01T00:00:00,month
8114663,37,3,2,1,0.45,2017-02-01T00:00:00,month
8114688,37,2,4,1,4.78,2022-12-01T00:00:00,month
8114690,37,2,5,1,5.05,2022-12-01T00:00:00,month
8114691,37,2,11,1,7.27,2022-12-01T00:00:00,month
8114692,37,2,3,1,4.06,2022-12-01T00:00:00,month
8114889,37,2,9,1,7.31,2023-07-01T00:00:00,month
8114892,37,2,1,1,3.05,2023-07-01T00:00:00,month
8114893,37,2,2,1,3.82,2023-07-01T00:00:00,month
8114895,37,2,8,1,5.4,2023-07-01T00:00:00,month
8114896,37,2,10,1,7.55,2023-07-01T00:00:00,month
8114897,37,2,5,1,5.0,2023-07-01T00:00:00,month
8114898,37,2,6,1,6.05,2023-07-01T00:00:00,month
8114900,37,2,7,1,5.35,2023-07-01T00:00:00,month
8114902,37,2,3,1,4.24,2023-07-01T00:00:00,month
8114903,37,2,11,1,7.33,2023-07-01T00:00:00,month
8114905,37,2,4,1,4.58,2023-07-01T00:00:00,month
8111820,37,3,11,1,1.88,2022-04-01T00:00:00,month
8111821,37,3,4,1,5.9,2022-04-01T00:00:00,month
8111822,37,3,9,1,1.92,2022-04-01T00:00:00,month
8111824,37,3,3,1,5.93,2022-04-01T00:00:00,month
8112256,37,3,10,1,1.52,2022-04-01T00:00:00,month
8112490,37,4,1,1,0.28,2014-07-01T00:00:00,month
8112491,37,4,4,1,0.77,2014-07-01T00:00:00,month
8112492,37,4,2,1,0.35,2014-07-01T00:00:00,month
8112493,37,4,6,1,2.37,2014-07-01T00:00:00,month
8112494,37,4,7,1,1.45,2014-07-01T00:00:00,month
8112495,37,4,3,1,0.8,2014-07-01T00:00:00,month
8112496,37,4,5,1,1.26,2014-07-01T00:00:00,month
8112527,37,2,4,1,5.16,2014-07-01T00:00:00,month
8112529,37,2,5,1,5.91,2014-07-01T00:00:00,month
8112530,37,2,7,1,5.33,2014-07-01T00:00:00,month
8112531,37,2,11,1,7.72,2014-07-01T00:00:00,month
8112532,37,2,3,1,4.72,2014-07-01T00:00:00,month
8112536,37,2,1,1,1.2,2014-07-01T00:00:00,month
8112537,37,2,6,1,7.4,2014-07-01T00:00:00,month
8112538,37,2,2,1,1.79,2014-07-01T00:00:00,month
8112539,37,2,10,1,6.68,2014-07-01T00:00:00,month
8112540,37,2,8,1,6.21,2014-07-01T00:00:00,month
8112543,37,2,9,1,7.8,2014-07-01T00:00:00,month
8112745,37,4,3,1,0.74,2016-01-01T00:00:00,month
8112746,37,4,4,1,0.28,2016-01-01T00:00:00,month
8112748,37,4,1,1,0.25,2016-01-01T00:00:00,month
8112749,37,4,2,1,0.3,2016-01-01T00:00:00,month
8112750,37,4,6,1,1.18,2016-01-01T00:00:00,month
8112751,37,4,7,1,1.06,2016-01-01T00:00:00,month
8112752,37,4,5,1,0.75,2016-01-01T00:00:00,month
8112817,37,3,2,1,0.56,2014-07-01T00:00:00,month
8112818,37,3,8,1,2.06,2014-07-01T00:00:00,month
8112819,37,3,6,1,2.68,2014-07-01T00:00:00,month
8112821,37,3,1,1,0.49,2014-07-01T00:00:00,month
8112822,37,3,5,1,1.99,2014-07-01T00:00:00,month
8112840,37,4,8,1,1.67,2014-07-01T00:00:00,month
8112843,37,4,11,1,2.61,2014-07-01T00:00:00,month
8112844,37,4,9,1,2.64,2014-07-01T00:00:00,month
8112845,37,4,10,1,2.19,2014-07-01T00:00:00,month
8113040,37,2,5,1,8.66,2016-01-01T00:00:00,month
8113042,37,2,4,1,7.32,2016-01-01T00:00:00,month
8113044,37,3,11,1,3.04,2014-07-01T00:00:00,month
8113045,37,3,7,1,1.83,2014-07-01T00:00:00,month
8113049,37,3,3,1,1.01,2014-07-01T00:00:00,month
8113050,37,3,4,1,0.94,2014-07-01T00:00:00,month
8113052,37,3,9,1,3.08,2014-07-01T00:00:00,month
8113053,37,3,10,1,2.66,2014-07-01T00:00:00,month
8113104,37,3,2,1,0.3,2016-01-01T00:00:00,month
8113105,37,3,6,1,1.92,2016-01-01T00:00:00,month
8113106,37,3,8,1,1.76,2016-01-01T00:00:00,month
8113108,37,3,1,1,0.22,2016-01-01T00:00:00,month
8113109,37,3,5,1,1.21,2016-01-01T00:00:00,month
8113113,37,3,11,1,2.93,2016-01-01T00:00:00,month
8113116,37,3,7,1,1.68,2016-01-01T00:00:00,month
8113118,37,3,4,1,0.52,2016-01-01T00:00:00,month
8113119,37,3,9,1,2.94,2016-01-01T00:00:00,month
8113121,37,3,3,1,0.81,2016-01-01T00:00:00,month
8113122,37,3,10,1,2.28,2016-01-01T00:00:00,month
8113131,37,3,9,1,1.95,2016-08-01T00:00:00,month
8113132,37,3,10,1,1.8,2016-08-01T00:00:00,month
8113158,37,2,4,1,19.69,2022-04-01T00:00:00,month
8113160,37,2,11,1,9.63,2022-04-01T00:00:00,month
8113161,37,2,3,1,16.92,2022-04-01T00:00:00,month
8113163,37,2,7,1,18.67,2022-04-01T00:00:00,month
8113165,37,2,5,1,19.76,2022-04-01T00:00:00,month
8113166,37,2,1,1,10.21,2022-04-01T00:00:00,month
8113167,37,2,6,1,16.0,2022-04-01T00:00:00,month
8113168,37,2,10,1,8.5,2022-04-01T00:00:00,month
8113460,37,2,2,1,12.65,2022-04-01T00:00:00,month
8113462,37,2,8,1,18.79,2022-04-01T00:00:00,month
8113465,37,2,9,1,9.74,2022-04-01T00:00:00,month
8114343,37,2,5,1,5.56,2023-06-01T00:00:00,month
8114345,37,2,4,1,4.64,2023-06-01T00:00:00,month
8114347,37,2,7,1,5.44,2023-06-01T00:00:00,month
8114348,37,2,11,1,7.29,2023-06-01T00:00:00,month
8114349,37,2,3,1,3.21,2023-06-01T00:00:00,month
8114353,37,2,1,1,3.39,2023-06-01T00:00:00,month
8114354,37,2,6,1,6.03,2023-06-01T00:00:00,month
8114355,37,2,2,1,3.3,2023-06-01T00:00:00,month
8114356,37,2,10,1,7.4,2023-06-01T00:00:00,month
8114357,37,2,8,1,5.52,2023-06-01T00:00:00,month
8114360,37,2,9,1,7.29,2023-06-01T00:00:00,month
8114413,37,4,8,1,1.33,2025-07-01T00:00:00,month
8114416,37,4,11,1,1.63,2025-07-01T00:00:00,month
8114417,37,4,9,1,1.63,2025-07-01T00:00:00,month
8114419,37,4,10,1,,2025-07-01T00:00:00,month
8114424,37,4,3,1,,2025-07-01T00:00:00,month
8114425,37,4,4,1,,2025-07-01T00:00:00,month
8114427,37,4,1,1,0.01,2025-07-01T00:00:00,month
8114428,37,4,2,1,0.01,2025-07-01T00:00:00,month
8114429,37,4,6,1,1.35,2025-07-01T00:00:00,month
8115192,37,3,4,1,0.74,2020-01-01T00:00:00,month
8115194,37,3,7,1,0.88,2020-01-01T00:00:00,month
8115197,37,3,11,1,1.14,2020-01-01T00:00:00,month
8115201,37,3,5,1,0.62,2020-01-01T00:00:00,month
8115202,37,3,1,1,0.45,2020-01-01T00:00:00,month
8115204,37,3,8,1,0.91,2020-01-01T00:00:00,month
8115205,37,3,6,1,0.98,2020-01-01T00:00:00,month
8115206,37,3,2,1,0.68,2020-01-01T00:00:00,month
8115871,37,2,6,1,6.21,2022-08-01T00:00:00,month
8115872,37,2,10,1,7.71,2022-08-01T00:00:00,month
8115873,37,2,8,1,6.21,2022-08-01T00:00:00,month
8115875,37,2,2,1,4.61,2022-08-01T00:00:00,month
8115876,37,2,1,1,2.04,2022-08-01T00:00:00,month
8115879,37,2,9,1,7.4,2022-08-01T00:00:00,month
8116761,37,4,2,1,0.05,2019-10-01T00:00:00,month
8116762,37,4,4,1,0.23,2019-10-01T00:00:00,month
8116913,37,4,10,1,0.5,2019-10-01T00:00:00,month
8116914,37,4,9,1,0.63,2019-10-01T00:00:00,month
8117345,37,4,8,1,0.4,2022-08-01T00:00:00,month
8117418,37,2,2,1,3.43,2016-10-01T00:00:00,month
8117419,37,4,11,1,0.99,2022-08-01T00:00:00,month
8117420,37,4,9,1,0.99,2022-08-01T00:00:00,month
8117421,37,4,10,1,,2022-08-01T00:00:00,month
8117428,37,4,4,1,0.3,2022-08-01T00:00:00,month
8117429,37,4,2,1,0.01,2022-08-01T00:00:00,month
8117430,37,4,3,1,,2022-08-01T00:00:00,month
8117431,37,4,7,1,0.38,2022-08-01T00:00:00,month
8117574,37,4,6,1,0.69,2022-08-01T00:00:00,month
8117575,37,4,1,1,0.01,2022-08-01T00:00:00,month
8117576,37,4,5,1,0.31,2022-08-01T00:00:00,month
8117955,37,3,10,1,0.87,2016-10-01T00:00:00,month
8117956,37,3,9,1,1.58,2016-10-01T00:00:00,month
8117957,37,3,4,1,0.36,2016-10-01T00:00:00,month
8117958,37,3,3,1,0.5,2016-10-01T00:00:00,month
8118074,37,2,9,1,8.07,2016-10-01T00:00:00,month
8118119,37,3,7,1,0.82,2016-10-01T00:00:00,month
8118121,37,3,11,1,1.56,2016-10-01T00:00:00,month
8118125,37,3,5,1,0.51,2016-10-01T00:00:00,month
8118126,37,3,1,1,0.33,2016-10-01T00:00:00,month
8118128,37,3,6,1,1.13,2016-10-01T00:00:00,month
8118129,37,3,8,1,0.88,2016-10-01T00:00:00,month
8118130,37,3,2,1,0.39,2016-10-01T00:00:00,month
8118475,37,4,5,1,0.24,2019-08-01T00:00:00,month
8118476,37,4,3,1,0.54,2019-08-01T00:00:00,month
8118477,37,4,7,1,0.22,2019-08-01T00:00:00,month
8118478,37,4,6,1,0.46,2019-08-01T00:00:00,month
8118479,37,4,2,1,0.07,2019-08-01T00:00:00,month
8118480,37,4,4,1,0.34,2019-08-01T00:00:00,month
8118481,37,4,1,1,0.07,2019-08-01T00:00:00,month
8118488,37,4,10,1,0.42,2019-08-01T00:00:00,month
8118489,37,4,9,1,0.68,2019-08-01T00:00:00,month
8118490,37,4,11,1,0.65,2019-08-01T00:00:00,month
8118493,37,4,8,1,0.37,2019-08-01T00:00:00,month
8118760,37,4,1,1,0.05,2019-10-01T00:00:00,month
8118761,37,4,5,1,0.19,2019-10-01T00:00:00,month
8118762,37,4,6,1,0.27,2019-10-01T00:00:00,month
8118763,37,4,7,1,0.12,2019-10-01T00:00:00,month
8118764,37,4,3,1,,2019-10-01T00:00:00,month
8118901,37,4,5,1,0.49,2016-10-01T00:00:00,month
8118902,37,4,3,1,0.51,2016-10-01T00:00:00,month
8118903,37,4,7,1,0.49,2016-10-01T00:00:00,month
8118904,37,4,6,1,0.69,2016-10-01T00:00:00,month
8118905,37,4,2,1,0.37,2016-10-01T00:00:00,month
8118984,37,2,8,1,6.18,2016-10-01T00:00:00,month
8118985,37,2,10,1,8.81,2016-10-01T00:00:00,month
8118986,37,2,6,1,5.84,2016-10-01T00:00:00,month
8118987,37,2,1,1,2.41,2016-10-01T00:00:00,month
8118988,37,2,7,1,6.0,2016-10-01T00:00:00,month
8118989,37,2,5,1,6.9,2016-10-01T00:00:00,month
8118993,37,2,3,1,7.27,2016-10-01T00:00:00,month
8118994,37,2,11,1,8.09,2016-10-01T00:00:00,month
8118996,37,2,4,1,6.05,2016-10-01T00:00:00,month
8113335,37,3,8,1,0.55,2022-08-01T00:00:00,month
8113336,37,3,6,1,0.58,2022-08-01T00:00:00,month
8113338,37,3,1,1,0.02,2022-08-01T00:00:00,month
8113339,37,3,5,1,0.54,2022-08-01T00:00:00,month
8113342,37,3,7,1,0.52,2022-08-01T00:00:00,month
8114719,37,2,4,1,6.45,2022-08-01T00:00:00,month
8114721,37,2,5,1,6.24,2022-08-01T00:00:00,month
8114722,37,2,11,1,7.44,2022-08-01T00:00:00,month
8114723,37,2,3,1,5.35,2022-08-01T00:00:00,month
8114725,37,2,7,1,6.11,2022-08-01T00:00:00,month
8111670,37,3,8,1,0.4,2021-02-01T00:00:00,month
8111671,37,3,6,1,0.34,2021-02-01T00:00:00,month
8111673,37,3,1,1,0.04,2021-02-01T00:00:00,month
8111674,37,3,5,1,0.26,2021-02-01T00:00:00,month
8111677,37,3,7,1,0.39,2021-02-01T00:00:00,month
8111681,37,3,11,1,0.53,2021-02-01T00:00:00,month
8111682,37,3,4,1,0.45,2021-02-01T00:00:00,month
8111684,37,3,9,1,0.5,2021-02-01T00:00:00,month
8111685,37,3,10,1,1.07,2021-02-01T00:00:00,month
8111686,37,3,3,1,0.66,2021-02-01T00:00:00,month
8112421,37,2,4,1,2.98,2021-02-01T00:00:00,month
8112423,37,2,5,1,3.7,2021-02-01T00:00:00,month
8112688,37,2,4,1,5.03,2018-04-01T00:00:00,month
8112690,37,2,11,1,6.21,2018-04-01T00:00:00,month
8112691,37,2,3,1,5.13,2018-04-01T00:00:00,month
8112695,37,2,5,1,5.83,2018-04-01T00:00:00,month
8112696,37,2,7,1,5.43,2018-04-01T00:00:00,month
8113428,37,4,8,1,0.15,2021-02-01T00:00:00,month
8113431,37,4,11,1,0.65,2021-02-01T00:00:00,month
8113432,37,4,9,1,0.29,2021-02-01T00:00:00,month
8113433,37,4,10,1,0.8,2021-02-01T00:00:00,month
8113586,37,4,4,1,0.1,2021-02-01T00:00:00,month
8113587,37,4,2,1,0.0,2021-02-01T00:00:00,month
8113588,37,4,3,1,,2021-02-01T00:00:00,month
8113849,37,4,7,1,0.02,2021-02-01T00:00:00,month
8113850,37,4,6,1,0.16,2021-02-01T00:00:00,month
8113851,37,4,5,1,0.11,2021-02-01T00:00:00,month
8113852,37,4,1,1,0.0,2021-02-01T00:00:00,month
8114821,37,3,3,1,0.7,2018-04-01T00:00:00,month
8114822,37,3,4,1,0.27,2018-04-01T00:00:00,month
8114823,37,3,9,1,1.53,2018-04-01T00:00:00,month
8114824,37,3,10,1,2.02,2018-04-01T00:00:00,month
8115092,37,2,11,1,4.18,2021-02-01T00:00:00,month
8115093,37,2,3,1,2.5,2021-02-01T00:00:00,month
8115095,37,2,7,1,3.36,2021-02-01T00:00:00,month
8115097,37,2,1,1,2.32,2021-02-01T00:00:00,month
8115098,37,2,6,1,3.55,2021-02-01T00:00:00,month
8115099,37,2,2,1,2.41,2021-02-01T00:00:00,month
8115100,37,2,10,1,4.06,2021-02-01T00:00:00,month
8115101,37,2,8,1,3.42,2021-02-01T00:00:00,month
8115247,37,2,9,1,4.18,2021-02-01T00:00:00,month
8114280,37,2,3,1,6.58,2017-06-01T00:00:00,month
8114281,37,2,11,1,6.98,2017-06-01T00:00:00,month
8114588,37,2,4,1,4.83,2017-11-01T00:00:00,month
8114590,37,2,7,1,5.67,2017-11-01T00:00:00,month
8114591,37,2,11,1,6.28,2017-11-01T00:00:00,month
8114592,37,2,3,1,5.85,2017-11-01T00:00:00,month
8115379,37,4,5,1,0.3,2017-06-01T00:00:00,month
8115380,37,4,3,1,0.14,2017-06-01T00:00:00,month
8115381,37,4,7,1,0.25,2017-06-01T00:00:00,month
8115382,37,4,6,1,0.43,2017-06-01T00:00:00,month
8115383,37,4,2,1,0.07,2017-06-01T00:00:00,month
8115384,37,4,4,1,0.16,2017-06-01T00:00:00,month
8115385,37,4,1,1,0.07,2017-06-01T00:00:00,month
8115392,37,4,10,1,0.85,2017-06-01T00:00:00,month
8115393,37,4,9,1,0.79,2017-06-01T00:00:00,month
8115394,37,4,11,1,0.79,2017-06-01T00:00:00,month
8115647,37,3,2,1,0.38,2021-11-01T00:00:00,month
8115648,37,3,6,1,0.46,2021-11-01T00:00:00,month
8115649,37,3,8,1,0.43,2021-11-01T00:00:00,month
8115651,37,3,1,1,0.23,2021-11-01T00:00:00,month
8115652,37,3,5,1,0.27,2021-11-01T00:00:00,month
8115656,37,3,11,1,0.76,2021-11-01T00:00:00,month
8115659,37,3,7,1,0.42,2021-11-01T00:00:00,month
8115661,37,3,4,1,0.36,2021-11-01T00:00:00,month
8115662,37,3,9,1,0.71,2021-11-01T00:00:00,month
8115664,37,3,3,1,0.41,2021-11-01T00:00:00,month
8115665,37,3,10,1,1.12,2021-11-01T00:00:00,month
8115929,37,4,8,1,0.36,2017-08-01T00:00:00,month
8115932,37,4,11,1,0.53,2017-08-01T00:00:00,month
8115933,37,4,9,1,0.53,2017-08-01T00:00:00,month
8115934,37,4,10,1,0.61,2017-08-01T00:00:00,month
8115941,37,4,1,1,0.06,2017-08-01T00:00:00,month
8115942,37,4,4,1,0.4,2017-08-01T00:00:00,month
8115943,37,4,2,1,0.06,2017-08-01T00:00:00,month
8115944,37,4,6,1,0.4,2017-08-01T00:00:00,month
8116228,37,3,1,1,0.2,2014-09-01T00:00:00,month
8116229,37,3,5,1,2.25,2014-09-01T00:00:00,month
8116233,37,3,11,1,3.08,2014-09-01T00:00:00,month
8116234,37,3,7,1,1.77,2014-09-01T00:00:00,month
8116238,37,3,3,1,1.27,2014-09-01T00:00:00,month
8116239,37,3,4,1,1.03,2014-09-01T00:00:00,month
8116271,37,3,9,1,3.09,2014-09-01T00:00:00,month
8116272,37,3,10,1,2.96,2014-09-01T00:00:00,month
8116314,37,2,4,1,6.51,2017-08-01T00:00:00,month
8116316,37,2,11,1,6.87,2017-08-01T00:00:00,month
8116482,37,4,8,1,0.24,2021-11-01T00:00:00,month
8116485,37,4,11,1,0.29,2021-11-01T00:00:00,month
8116486,37,4,9,1,0.4,2021-11-01T00:00:00,month
8116488,37,4,10,1,0.19,2021-11-01T00:00:00,month
8116493,37,4,3,1,,2021-11-01T00:00:00,month
8116494,37,4,4,1,0.1,2021-11-01T00:00:00,month
8116496,37,4,1,1,0.01,2021-11-01T00:00:00,month
8116497,37,4,2,1,0.01,2021-11-01T00:00:00,month
8116498,37,4,6,1,0.26,2021-11-01T00:00:00,month
8116499,37,4,7,1,0.03,2021-11-01T00:00:00,month
8116500,37,4,5,1,0.11,2021-11-01T00:00:00,month
8116976,37,4,10,1,,2025-12-01T00:00:00,month
8116977,37,4,9,1,1.17,2025-12-01T00:00:00,month
8116979,37,4,8,1,1.26,2025-12-01T00:00:00,month
8117078,37,2,9,1,12.7,2025-12-01T00:00:00,month
8117081,37,2,1,1,6.62,2025-12-01T00:00:00,month
8117082,37,2,2,1,12.48,2025-12-01T00:00:00,month
8117106,37,2,8,1,15.4,2025-12-01T00:00:00,month
8117107,37,2,10,1,6.61,2025-12-01T00:00:00,month
8117108,37,2,5,1,15.57,2025-12-01T00:00:00,month
8117109,37,2,6,1,14.88,2025-12-01T00:00:00,month
8117111,37,2,7,1,15.2,2025-12-01T00:00:00,month
8117113,37,2,3,1,14.83,2025-12-01T00:00:00,month
8117114,37,2,11,1,11.49,2025-12-01T00:00:00,month
8117116,37,2,4,1,15.3,2025-12-01T00:00:00,month
8117310,37,4,8,1,0.62,2023-01-01T00:00:00,month
8117313,37,4,11,1,1.19,2023-01-01T00:00:00,month
8117314,37,4,9,1,1.19,2023-01-01T00:00:00,month
8117315,37,4,10,1,,2023-01-01T00:00:00,month
8117322,37,4,4,1,0.4,2023-01-01T00:00:00,month
8117323,37,4,2,1,0.02,2023-01-01T00:00:00,month
8117324,37,4,3,1,,2023-01-01T00:00:00,month
8117325,37,4,7,1,0.6,2023-01-01T00:00:00,month
8117467,37,4,6,1,0.69,2023-01-01T00:00:00,month
8117468,37,4,5,1,0.62,2023-01-01T00:00:00,month
8117469,37,4,1,1,0.02,2023-01-01T00:00:00,month
8117647,37,2,3,1,6.33,2017-08-01T00:00:00,month
8117651,37,2,5,1,6.42,2017-08-01T00:00:00,month
8117652,37,2,7,1,6.07,2017-08-01T00:00:00,month
8117653,37,2,1,1,2.52,2017-08-01T00:00:00,month
8117654,37,2,6,1,6.02,2017-08-01T00:00:00,month
8117655,37,2,10,1,6.5,2017-08-01T00:00:00,month
8117656,37,2,8,1,6.28,2017-08-01T00:00:00,month
8117988,37,3,9,1,1.16,2017-08-01T00:00:00,month
8117989,37,3,10,1,1.76,2017-08-01T00:00:00,month
8118681,37,4,5,1,2.22,2025-12-01T00:00:00,month
8118683,37,4,1,1,0.01,2025-12-01T00:00:00,month
8118685,37,4,6,1,1.06,2025-12-01T00:00:00,month
8118686,37,4,7,1,1.25,2025-12-01T00:00:00,month
8118687,37,4,3,1,,2025-12-01T00:00:00,month
8118688,37,4,2,1,0.01,2025-12-01T00:00:00,month
8118689,37,4,4,1,,2025-12-01T00:00:00,month
8118693,37,4,11,1,1.17,2025-12-01T00:00:00,month
8118720,37,2,5,1,5.33,2023-01-01T00:00:00,month
8118721,37,2,1,1,3.46,2023-01-01T00:00:00,month
8118722,37,2,6,1,5.93,2023-01-01T00:00:00,month
8118723,37,2,10,1,6.91,2023-01-01T00:00:00,month
8118724,37,2,2,1,3.37,2023-01-01T00:00:00,month
8118726,37,2,8,1,5.48,2023-01-01T00:00:00,month
8118729,37,2,9,1,7.31,2023-01-01T00:00:00,month
8111093,37,4,7,1,0.19,2017-08-01T00:00:00,month
8111094,37,4,3,1,0.14,2017-08-01T00:00:00,month
8113329,37,3,1,1,0.53,2022-03-01T00:00:00,month
8113331,37,3,6,1,0.46,2022-03-01T00:00:00,month
8113332,37,3,8,1,0.86,2022-03-01T00:00:00,month
8113333,37,3,2,1,0.49,2022-03-01T00:00:00,month
8113485,37,3,4,1,2.19,2025-01-01T00:00:00,month
8113486,37,3,11,1,2.18,2025-01-01T00:00:00,month
8113489,37,3,5,1,1.38,2025-01-01T00:00:00,month
8114078,37,4,1,1,0.07,2016-07-01T00:00:00,month
8114080,37,4,4,1,0.52,2016-07-01T00:00:00,month
8114081,37,4,3,1,0.47,2016-07-01T00:00:00,month
8114086,37,4,10,1,1.38,2016-07-01T00:00:00,month
8114088,37,4,9,1,1.04,2016-07-01T00:00:00,month
8114089,37,4,11,1,1.05,2016-07-01T00:00:00,month
8114092,37,4,8,1,0.64,2016-07-01T00:00:00,month
8114171,37,3,10,1,,2025-01-01T00:00:00,month
8114172,37,3,3,1,,2025-01-01T00:00:00,month
8114174,37,3,9,1,2.18,2025-01-01T00:00:00,month
8114698,37,2,9,1,8.12,2022-03-01T00:00:00,month
8114701,37,2,1,1,5.47,2022-03-01T00:00:00,month
8114702,37,2,2,1,6.08,2022-03-01T00:00:00,month
8114704,37,2,8,1,6.37,2022-03-01T00:00:00,month
8114705,37,2,10,1,8.35,2022-03-01T00:00:00,month
8114706,37,2,6,1,6.2,2022-03-01T00:00:00,month
8114708,37,2,7,1,6.31,2022-03-01T00:00:00,month
8114710,37,2,3,1,6.76,2022-03-01T00:00:00,month
8114711,37,2,11,1,8.13,2022-03-01T00:00:00,month
8114712,37,2,5,1,6.27,2022-03-01T00:00:00,month
8114714,37,2,4,1,7.05,2022-03-01T00:00:00,month
8114992,37,4,5,1,0.62,2016-07-01T00:00:00,month
8114993,37,4,7,1,0.41,2016-07-01T00:00:00,month
8114994,37,4,6,1,0.67,2016-07-01T00:00:00,month
8114995,37,4,2,1,0.12,2016-07-01T00:00:00,month
8115497,37,2,10,1,8.93,2016-07-01T00:00:00,month
8115498,37,2,2,1,3.65,2016-07-01T00:00:00,month
8115499,37,2,6,1,7.34,2016-07-01T00:00:00,month
8115500,37,2,1,1,2.17,2016-07-01T00:00:00,month
8115504,37,2,3,1,8.75,2016-07-01T00:00:00,month
8115505,37,2,11,1,8.66,2016-07-01T00:00:00,month
8115506,37,2,7,1,6.92,2016-07-01T00:00:00,month
8115508,37,2,4,1,6.38,2016-07-01T00:00:00,month
8115510,37,2,5,1,7.39,2016-07-01T00:00:00,month
8111559,37,4,10,1,0.54,2018-07-01T00:00:00,month
8111648,37,3,2,1,0.66,2014-05-01T00:00:00,month
8111649,37,3,8,1,2.12,2014-05-01T00:00:00,month
8111650,37,3,6,1,2.87,2014-05-01T00:00:00,month
8111652,37,3,1,1,0.39,2014-05-01T00:00:00,month
8111653,37,3,5,1,1.71,2014-05-01T00:00:00,month
8111657,37,3,11,1,3.26,2014-05-01T00:00:00,month
8111659,37,3,7,1,1.87,2014-05-01T00:00:00,month
8111662,37,3,3,1,2.22,2014-05-01T00:00:00,month
8111663,37,3,4,1,0.86,2014-05-01T00:00:00,month
8111664,37,3,9,1,3.34,2014-05-01T00:00:00,month
8111665,37,3,10,1,2.61,2014-05-01T00:00:00,month
8111844,37,2,10,1,6.75,2017-05-01T00:00:00,month
8111845,37,2,8,1,6.52,2017-05-01T00:00:00,month
8111848,37,2,9,1,7.14,2017-05-01T00:00:00,month
8112091,37,4,1,1,0.56,2014-05-01T00:00:00,month
8112092,37,4,4,1,0.68,2014-05-01T00:00:00,month
8112093,37,4,2,1,0.58,2014-05-01T00:00:00,month
8112094,37,4,6,1,2.46,2014-05-01T00:00:00,month
8112095,37,4,7,1,1.54,2014-05-01T00:00:00,month
8112096,37,4,3,1,0.72,2014-05-01T00:00:00,month
8112097,37,4,5,1,1.33,2014-05-01T00:00:00,month
8113001,37,3,11,1,2.3,2018-07-01T00:00:00,month
8113003,37,3,7,1,1.76,2018-07-01T00:00:00,month
8113295,37,3,3,1,0.85,2018-07-01T00:00:00,month
8113296,37,3,4,1,0.37,2018-07-01T00:00:00,month
8113297,37,3,9,1,2.17,2018-07-01T00:00:00,month
8113298,37,3,10,1,2.83,2018-07-01T00:00:00,month
8113703,37,3,2,1,0.15,2017-05-01T00:00:00,month
8113704,37,3,6,1,0.97,2017-05-01T00:00:00,month
8113705,37,3,8,1,0.78,2017-05-01T00:00:00,month
8113707,37,3,1,1,0.06,2017-05-01T00:00:00,month
8113708,37,3,5,1,0.46,2017-05-01T00:00:00,month
8113712,37,3,11,1,1.49,2017-05-01T00:00:00,month
8113715,37,3,7,1,0.52,2017-05-01T00:00:00,month
8113717,37,3,4,1,0.36,2017-05-01T00:00:00,month
8113940,37,4,8,1,0.21,2021-07-01T00:00:00,month
8113943,37,4,11,1,0.34,2021-07-01T00:00:00,month
8113944,37,4,9,1,0.33,2021-07-01T00:00:00,month
8113945,37,4,10,1,0.35,2021-07-01T00:00:00,month
8114100,37,4,4,1,0.14,2021-07-01T00:00:00,month
8114101,37,4,2,1,0.01,2021-07-01T00:00:00,month
8114102,37,4,3,1,,2021-07-01T00:00:00,month
8114103,37,4,7,1,0.06,2021-07-01T00:00:00,month
8114104,37,4,6,1,0.22,2021-07-01T00:00:00,month
8114105,37,4,5,1,0.11,2021-07-01T00:00:00,month
8114106,37,4,1,1,0.01,2021-07-01T00:00:00,month
8114117,37,3,9,1,1.48,2017-05-01T00:00:00,month
8114119,37,3,3,1,0.49,2017-05-01T00:00:00,month
8114120,37,3,10,1,1.84,2017-05-01T00:00:00,month
8114461,37,2,5,1,5.51,2018-07-01T00:00:00,month
8114462,37,2,7,1,5.1,2018-07-01T00:00:00,month
8114463,37,2,1,1,2.94,2018-07-01T00:00:00,month
8114464,37,2,6,1,5.22,2018-07-01T00:00:00,month
8114465,37,2,10,1,4.78,2018-07-01T00:00:00,month
8114466,37,2,8,1,5.2,2018-07-01T00:00:00,month
8115437,37,4,1,1,0.1,2018-07-01T00:00:00,month
8115438,37,4,4,1,0.22,2018-07-01T00:00:00,month
8115439,37,4,2,1,0.11,2018-07-01T00:00:00,month
8115440,37,4,6,1,0.27,2018-07-01T00:00:00,month
8115441,37,4,7,1,0.25,2018-07-01T00:00:00,month
8115442,37,4,3,1,0.18,2018-07-01T00:00:00,month
8115443,37,4,5,1,0.36,2018-07-01T00:00:00,month
8115479,37,2,4,1,2.93,2021-07-01T00:00:00,month
8115481,37,2,5,1,3.47,2021-07-01T00:00:00,month
8115482,37,2,11,1,4.76,2021-07-01T00:00:00,month
8115483,37,2,3,1,2.53,2021-07-01T00:00:00,month
8115485,37,2,7,1,3.41,2021-07-01T00:00:00,month
8115487,37,2,1,1,2.97,2021-07-01T00:00:00,month
8115488,37,2,6,1,3.59,2021-07-01T00:00:00,month
8115489,37,2,2,1,2.73,2021-07-01T00:00:00,month
8115490,37,2,10,1,5.44,2021-07-01T00:00:00,month
8115491,37,2,8,1,3.43,2021-07-01T00:00:00,month
8115494,37,2,9,1,4.68,2021-07-01T00:00:00,month
8113760,37,3,11,1,0.94,2022-11-01T00:00:00,month
8113764,37,3,7,1,0.85,2022-11-01T00:00:00,month
8113767,37,3,5,1,1.14,2022-11-01T00:00:00,month
8113768,37,3,1,1,0.01,2022-11-01T00:00:00,month
8113770,37,3,6,1,0.4,2022-11-01T00:00:00,month
8113771,37,3,8,1,0.96,2022-11-01T00:00:00,month
8113912,37,3,10,1,,2024-05-01T00:00:00,month
8113913,37,3,3,1,,2024-05-01T00:00:00,month
8113915,37,3,9,1,1.64,2024-05-01T00:00:00,month
8113916,37,3,4,1,1.81,2024-05-01T00:00:00,month
8113917,37,3,11,1,1.64,2024-05-01T00:00:00,month
8113920,37,3,7,1,1.46,2024-05-01T00:00:00,month
8113924,37,3,5,1,1.31,2024-05-01T00:00:00,month
8113926,37,3,6,1,1.51,2024-05-01T00:00:00,month
8113927,37,3,1,1,0.01,2024-05-01T00:00:00,month
8113928,37,3,8,1,1.48,2024-05-01T00:00:00,month
8114115,37,3,2,1,0.01,2024-05-01T00:00:00,month
8114524,37,2,9,1,7.29,2022-11-01T00:00:00,month
8114671,37,2,8,1,5.17,2022-11-01T00:00:00,month
8114672,37,2,10,1,6.08,2022-11-01T00:00:00,month
8114673,37,2,2,1,3.09,2022-11-01T00:00:00,month
8114674,37,2,6,1,5.89,2022-11-01T00:00:00,month
8114675,37,2,1,1,3.18,2022-11-01T00:00:00,month
8114677,37,2,7,1,5.12,2022-11-01T00:00:00,month
8114679,37,2,3,1,3.02,2022-11-01T00:00:00,month
8114680,37,2,11,1,7.25,2022-11-01T00:00:00,month
8114681,37,2,5,1,4.98,2022-11-01T00:00:00,month
8114683,37,2,4,1,4.6,2022-11-01T00:00:00,month
8114790,37,2,9,1,13.03,2024-05-01T00:00:00,month
8114793,37,2,8,1,14.81,2024-05-01T00:00:00,month
8114795,37,2,2,1,9.93,2024-05-01T00:00:00,month
8114796,37,2,10,1,9.56,2024-05-01T00:00:00,month
8114797,37,2,6,1,15.19,2024-05-01T00:00:00,month
8114798,37,2,1,1,6.91,2024-05-01T00:00:00,month
8114799,37,2,5,1,14.55,2024-05-01T00:00:00,month
8114801,37,2,7,1,14.67,2024-05-01T00:00:00,month
8114803,37,2,3,1,11.48,2024-05-01T00:00:00,month
8115053,37,3,2,1,0.84,2018-09-01T00:00:00,month
8115123,37,2,11,1,12.76,2024-05-01T00:00:00,month
8115125,37,2,4,1,14.82,2024-05-01T00:00:00,month
8115467,37,4,10,1,0.58,2018-09-01T00:00:00,month
8111108,37,2,1,1,2.75,2020-06-01T00:00:00,month
8111109,37,2,6,1,4.38,2020-06-01T00:00:00,month
8111110,37,2,2,1,3.06,2020-06-01T00:00:00,month
8111111,37,2,10,1,4.61,2020-06-01T00:00:00,month
8111112,37,2,8,1,4.11,2020-06-01T00:00:00,month
8111115,37,2,9,1,4.91,2020-06-01T00:00:00,month
8112006,37,4,9,1,0.58,2018-12-01T00:00:00,month
8112007,37,4,10,1,0.8,2018-12-01T00:00:00,month
8112014,37,4,1,1,0.1,2018-12-01T00:00:00,month
8112015,37,4,4,1,0.32,2018-12-01T00:00:00,month
8112016,37,4,2,1,0.19,2018-12-01T00:00:00,month
8112017,37,4,6,1,0.42,2018-12-01T00:00:00,month
8112018,37,4,7,1,0.36,2018-12-01T00:00:00,month
8112019,37,4,3,1,0.34,2018-12-01T00:00:00,month
8112569,37,2,4,1,5.01,2018-12-01T00:00:00,month
8112883,37,4,8,1,0.4,2018-12-01T00:00:00,month
8112886,37,4,11,1,0.61,2018-12-01T00:00:00,month
8112889,37,4,5,1,0.43,2018-12-01T00:00:00,month
8113078,37,2,5,1,15.55,2024-08-01T00:00:00,month
8113080,37,2,4,1,14.95,2024-08-01T00:00:00,month
8113082,37,2,7,1,16.13,2024-08-01T00:00:00,month
8113083,37,2,11,1,16.31,2024-08-01T00:00:00,month
8113084,37,2,3,1,15.59,2024-08-01T00:00:00,month
8113088,37,2,1,1,7.64,2024-08-01T00:00:00,month
8113089,37,2,6,1,16.96,2024-08-01T00:00:00,month
8113090,37,2,2,1,8.83,2024-08-01T00:00:00,month
8113091,37,2,10,1,10.26,2024-08-01T00:00:00,month
8113092,37,2,8,1,16.33,2024-08-01T00:00:00,month
8113095,37,2,9,1,16.78,2024-08-01T00:00:00,month
8113497,37,3,2,1,0.01,2026-02-01T00:00:00,month
8113498,37,3,8,1,1.67,2026-02-01T00:00:00,month
8113499,37,3,1,1,0.01,2026-02-01T00:00:00,month
8113500,37,3,6,1,1.67,2026-02-01T00:00:00,month
8113502,37,3,5,1,1.29,2026-02-01T00:00:00,month
8113506,37,3,7,1,1.65,2026-02-01T00:00:00,month
8113509,37,3,11,1,1.67,2026-02-01T00:00:00,month
8113510,37,3,4,1,2.35,2026-02-01T00:00:00,month
8113658,37,3,9,1,1.67,2026-02-01T00:00:00,month
8113660,37,3,3,1,,2026-02-01T00:00:00,month
8113661,37,3,10,1,,2026-02-01T00:00:00,month
8114283,37,2,6,1,7.56,2014-10-01T00:00:00,month
8114324,37,4,5,1,1.26,2014-10-01T00:00:00,month
8114325,37,4,3,1,0.74,2014-10-01T00:00:00,month
8114326,37,4,7,1,1.55,2014-10-01T00:00:00,month
8114327,37,4,6,1,2.41,2014-10-01T00:00:00,month
8114328,37,4,2,1,0.22,2014-10-01T00:00:00,month
8114329,37,4,4,1,0.7,2014-10-01T00:00:00,month
8114330,37,4,1,1,0.15,2014-10-01T00:00:00,month
8114543,37,2,9,1,8.09,2014-10-01T00:00:00,month
8114546,37,2,8,1,6.27,2014-10-01T00:00:00,month
8114547,37,2,10,1,7.03,2014-10-01T00:00:00,month
8114548,37,2,2,1,2.52,2014-10-01T00:00:00,month
8114549,37,2,1,1,1.85,2014-10-01T00:00:00,month
8115207,37,3,2,1,0.45,2020-06-01T00:00:00,month
8115208,37,3,6,1,0.97,2020-06-01T00:00:00,month
8115209,37,3,8,1,0.87,2020-06-01T00:00:00,month
8115211,37,3,1,1,0.14,2020-06-01T00:00:00,month
8115212,37,3,5,1,0.47,2020-06-01T00:00:00,month
8115216,37,3,11,1,0.88,2020-06-01T00:00:00,month
8115219,37,3,7,1,0.85,2020-06-01T00:00:00,month
8115221,37,3,4,1,0.22,2020-06-01T00:00:00,month
8115222,37,3,9,1,0.86,2020-06-01T00:00:00,month
8115224,37,3,3,1,0.62,2020-06-01T00:00:00,month
8115225,37,3,10,1,1.38,2020-06-01T00:00:00,month
8115616,37,2,4,1,14.58,2026-02-01T00:00:00,month
8115618,37,2,11,1,11.78,2026-02-01T00:00:00,month
8115619,37,2,3,1,15.07,2026-02-01T00:00:00,month
8115621,37,2,7,1,14.58,2026-02-01T00:00:00,month
8115623,37,2,5,1,14.9,2026-02-01T00:00:00,month
8115624,37,2,1,1,6.77,2026-02-01T00:00:00,month
8115625,37,2,6,1,14.37,2026-02-01T00:00:00,month
8115626,37,2,10,1,7.53,2026-02-01T00:00:00,month
8115627,37,2,2,1,9.76,2026-02-01T00:00:00,month
8115629,37,2,8,1,14.76,2026-02-01T00:00:00,month
8112451,37,4,9,1,2.38,2015-11-01T00:00:00,month
8112452,37,4,11,1,2.33,2015-11-01T00:00:00,month
8112455,37,4,8,1,1.31,2015-11-01T00:00:00,month
8112654,37,2,8,1,7.21,2015-11-01T00:00:00,month
8112655,37,2,10,1,6.32,2015-11-01T00:00:00,month
8112656,37,2,2,1,2.94,2015-11-01T00:00:00,month
8112657,37,2,6,1,9.35,2015-11-01T00:00:00,month
8112658,37,2,1,1,1.96,2015-11-01T00:00:00,month
8112662,37,2,3,1,8.63,2015-11-01T00:00:00,month
8112663,37,2,11,1,8.87,2015-11-01T00:00:00,month
8112664,37,2,7,1,6.92,2015-11-01T00:00:00,month
8112921,37,4,8,1,0.64,2016-06-01T00:00:00,month
8112924,37,4,11,1,1.21,2016-06-01T00:00:00,month
8112925,37,4,9,1,1.22,2016-06-01T00:00:00,month
8113894,37,3,2,1,0.12,2023-08-01T00:00:00,month
8113895,37,3,8,1,1.4,2023-08-01T00:00:00,month
8113896,37,3,1,1,0.01,2023-08-01T00:00:00,month
8113897,37,3,5,1,2.29,2024-03-01T00:00:00,month
8113901,37,3,7,1,0.89,2024-03-01T00:00:00,month
8113904,37,3,11,1,1.78,2024-03-01T00:00:00,month
8113905,37,3,4,1,0.69,2024-03-01T00:00:00,month
8113906,37,3,9,1,1.78,2024-03-01T00:00:00,month
8113908,37,3,3,1,,2024-03-01T00:00:00,month
8113909,37,3,10,1,,2024-03-01T00:00:00,month
8113971,37,3,2,1,0.01,2024-10-01T00:00:00,month
8113972,37,3,8,1,1.32,2024-10-01T00:00:00,month
8113973,37,3,1,1,0.01,2024-10-01T00:00:00,month
8113974,37,3,6,1,1.31,2024-10-01T00:00:00,month
8113978,37,3,7,1,1.25,2024-10-01T00:00:00,month
8113979,37,3,5,1,1.31,2024-10-01T00:00:00,month
8113982,37,3,11,1,1.36,2024-10-01T00:00:00,month
8113983,37,3,4,1,2.29,2024-10-01T00:00:00,month
8113986,37,3,9,1,1.36,2024-10-01T00:00:00,month
8113987,37,3,10,1,,2024-10-01T00:00:00,month
8113988,37,3,3,1,,2024-10-01T00:00:00,month
8114245,37,2,5,1,5.16,2015-11-01T00:00:00,month
8114247,37,2,4,1,7.48,2015-11-01T00:00:00,month
8114291,37,2,5,1,12.26,2015-04-01T00:00:00,month
8114293,37,2,4,1,10.84,2015-04-01T00:00:00,month
8114295,37,2,7,1,11.16,2015-04-01T00:00:00,month
8114296,37,2,11,1,11.08,2015-04-01T00:00:00,month
8114297,37,2,3,1,11.97,2015-04-01T00:00:00,month
8114301,37,2,1,1,3.16,2015-04-01T00:00:00,month
8114302,37,2,6,1,11.59,2015-04-01T00:00:00,month
8114303,37,2,2,1,4.09,2015-04-01T00:00:00,month
8114304,37,2,10,1,9.49,2015-04-01T00:00:00,month
8114305,37,2,8,1,11.67,2015-04-01T00:00:00,month
8114308,37,2,9,1,11.15,2015-04-01T00:00:00,month
8114435,37,3,2,1,1.14,2015-04-01T00:00:00,month
8114436,37,3,6,1,6.04,2015-04-01T00:00:00,month
8114437,37,3,8,1,5.41,2015-04-01T00:00:00,month
8114439,37,3,1,1,0.98,2015-04-01T00:00:00,month
8114440,37,3,5,1,4.41,2015-04-01T00:00:00,month
8114444,37,3,11,1,5.39,2015-04-01T00:00:00,month
8114447,37,3,7,1,5.18,2015-04-01T00:00:00,month
8114449,37,3,4,1,2.78,2015-04-01T00:00:00,month
8114450,37,3,9,1,5.42,2015-04-01T00:00:00,month
8114452,37,3,3,1,1.72,2015-04-01T00:00:00,month
8114453,37,3,10,1,4.67,2015-04-01T00:00:00,month
8114582,37,3,6,1,0.92,2023-08-01T00:00:00,month
8114586,37,3,7,1,1.27,2023-08-01T00:00:00,month
8114587,37,3,5,1,1.96,2023-08-01T00:00:00,month
8114773,37,2,4,1,13.43,2024-03-01T00:00:00,month
8114775,37,2,11,1,11.78,2024-03-01T00:00:00,month
8114776,37,2,3,1,11.51,2024-03-01T00:00:00,month
8114778,37,2,7,1,14.45,2024-03-01T00:00:00,month
8114780,37,2,5,1,14.79,2024-03-01T00:00:00,month
8114781,37,2,1,1,6.86,2024-03-01T00:00:00,month
8114782,37,2,6,1,14.96,2024-03-01T00:00:00,month
8114783,37,2,10,1,8.02,2024-03-01T00:00:00,month
8114784,37,2,2,1,9.61,2024-03-01T00:00:00,month
8114786,37,2,8,1,14.61,2024-03-01T00:00:00,month
8114789,37,2,9,1,12.3,2024-03-01T00:00:00,month
8114944,37,2,4,1,4.7,2023-08-01T00:00:00,month
8114946,37,2,11,1,7.46,2023-08-01T00:00:00,month
8114947,37,2,3,1,3.28,2023-08-01T00:00:00,month
8114949,37,2,7,1,5.69,2023-08-01T00:00:00,month
8114951,37,2,6,1,6.41,2023-08-01T00:00:00,month
8114952,37,2,5,1,5.71,2023-08-01T00:00:00,month
8114953,37,2,10,1,7.53,2023-08-01T00:00:00,month
8114954,37,2,8,1,5.75,2023-08-01T00:00:00,month
8114956,37,2,2,1,3.32,2023-08-01T00:00:00,month
8114979,37,4,10,1,0.98,2016-06-01T00:00:00,month
8114984,37,4,3,1,0.37,2016-06-01T00:00:00,month
8114985,37,4,4,1,0.58,2016-06-01T00:00:00,month
8114987,37,4,1,1,0.27,2016-06-01T00:00:00,month
8114988,37,4,2,1,0.29,2016-06-01T00:00:00,month
8114989,37,4,6,1,0.66,2016-06-01T00:00:00,month
8114990,37,4,7,1,0.6,2016-06-01T00:00:00,month
8114991,37,4,5,1,0.59,2016-06-01T00:00:00,month
8115091,37,4,8,1,4.92,2015-04-01T00:00:00,month
8113192,37,3,6,1,2.96,2019-02-01T00:00:00,month
8113193,37,3,2,1,0.76,2019-02-01T00:00:00,month
8113232,37,4,5,1,0.58,2020-04-01T00:00:00,month
8113233,37,4,1,1,0.01,2020-04-01T00:00:00,month
8113234,37,4,6,1,0.23,2020-04-01T00:00:00,month
8113235,37,4,7,1,0.02,2020-04-01T00:00:00,month
8113236,37,4,3,1,,2020-04-01T00:00:00,month
8113237,37,4,2,1,0.01,2020-04-01T00:00:00,month
8113238,37,4,4,1,0.22,2020-04-01T00:00:00,month
8113245,37,4,10,1,0.21,2020-04-01T00:00:00,month
8113246,37,4,9,1,0.41,2020-04-01T00:00:00,month
8113247,37,4,11,1,0.33,2020-04-01T00:00:00,month
8113390,37,4,8,1,0.28,2020-04-01T00:00:00,month
8113655,37,3,10,1,3.67,2019-02-01T00:00:00,month
8113656,37,3,3,1,0.95,2019-02-01T00:00:00,month
8113670,37,3,5,1,0.52,2023-04-01T00:00:00,month
8113671,37,3,7,1,0.72,2023-04-01T00:00:00,month
8113675,37,3,6,1,0.92,2023-04-01T00:00:00,month
8113676,37,3,1,1,0.01,2023-04-01T00:00:00,month
8113677,37,3,8,1,0.72,2023-04-01T00:00:00,month
8113678,37,3,2,1,0.01,2023-04-01T00:00:00,month
8113804,37,3,9,1,3.28,2019-02-01T00:00:00,month
8113805,37,3,4,1,0.91,2019-02-01T00:00:00,month
8113807,37,3,7,1,2.58,2019-02-01T00:00:00,month
8113810,37,3,11,1,3.31,2019-02-01T00:00:00,month
8114625,37,3,9,1,2.53,2016-02-01T00:00:00,month
8114627,37,3,4,1,0.45,2016-02-01T00:00:00,month
8114628,37,3,3,1,1.0,2016-02-01T00:00:00,month
8114632,37,3,7,1,1.58,2016-02-01T00:00:00,month
8114633,37,3,11,1,2.52,2016-02-01T00:00:00,month
8114637,37,3,5,1,1.1,2016-02-01T00:00:00,month
8114638,37,3,1,1,0.56,2016-02-01T00:00:00,month
8114640,37,3,6,1,1.81,2016-02-01T00:00:00,month
8114641,37,3,8,1,1.64,2016-02-01T00:00:00,month
8114642,37,3,2,1,0.61,2016-02-01T00:00:00,month
8115254,37,2,5,1,4.37,2020-04-01T00:00:00,month
8115256,37,2,4,1,3.59,2020-04-01T00:00:00,month
8115309,37,4,5,1,0.43,2019-02-01T00:00:00,month
8115310,37,4,7,1,0.35,2019-02-01T00:00:00,month
8115359,37,4,11,1,1.64,2016-02-01T00:00:00,month
8115362,37,4,8,1,0.99,2016-02-01T00:00:00,month
8114039,37,4,6,1,0.39,2020-12-01T00:00:00,month
8114040,37,4,7,1,0.34,2020-12-01T00:00:00,month
8114041,37,4,3,1,,2020-12-01T00:00:00,month
8114042,37,4,2,1,0.01,2020-12-01T00:00:00,month
8114043,37,4,4,1,0.1,2020-12-01T00:00:00,month
8114093,37,4,8,1,0.57,2017-01-01T00:00:00,month
8114096,37,4,11,1,0.74,2017-01-01T00:00:00,month
8114383,37,4,9,1,0.74,2017-01-01T00:00:00,month
8114385,37,4,10,1,0.7,2017-01-01T00:00:00,month
8114390,37,4,3,1,0.54,2017-01-01T00:00:00,month
8114391,37,4,4,1,0.26,2017-01-01T00:00:00,month
8114393,37,4,1,1,0.03,2017-01-01T00:00:00,month
8114394,37,4,2,1,0.22,2017-01-01T00:00:00,month
8114395,37,4,6,1,0.7,2017-01-01T00:00:00,month
8114563,37,3,3,1,1.0,2023-10-01T00:00:00,month
8114564,37,3,10,1,,2023-10-01T00:00:00,month
8114565,37,3,9,1,1.28,2023-10-01T00:00:00,month
8114568,37,3,4,1,2.52,2023-10-01T00:00:00,month
8114569,37,3,11,1,1.28,2023-10-01T00:00:00,month
8114572,37,3,5,1,1.03,2023-10-01T00:00:00,month
8114573,37,3,7,1,1.37,2023-10-01T00:00:00,month
8114577,37,3,6,1,1.3,2023-10-01T00:00:00,month
8114578,37,3,1,1,0.01,2023-10-01T00:00:00,month
8114579,37,3,8,1,1.39,2023-10-01T00:00:00,month
8114580,37,3,2,1,0.4,2023-10-01T00:00:00,month
8114754,37,2,5,1,9.8,2023-10-01T00:00:00,month
8114755,37,2,9,1,9.32,2023-10-01T00:00:00,month
8114758,37,2,8,1,9.47,2023-10-01T00:00:00,month
8114759,37,2,10,1,10.83,2023-10-01T00:00:00,month
8114760,37,2,2,1,5.52,2023-10-01T00:00:00,month
8114761,37,2,6,1,8.76,2023-10-01T00:00:00,month
8114762,37,2,1,1,4.06,2023-10-01T00:00:00,month
8114764,37,2,7,1,9.4,2023-10-01T00:00:00,month
8114766,37,2,3,1,6.85,2023-10-01T00:00:00,month
8114767,37,2,11,1,9.46,2023-10-01T00:00:00,month
8114769,37,2,4,1,9.92,2023-10-01T00:00:00,month
8114965,37,3,10,1,1.01,2020-12-01T00:00:00,month
8114966,37,3,3,1,0.65,2020-12-01T00:00:00,month
8114968,37,3,9,1,0.48,2020-12-01T00:00:00,month
8114969,37,3,4,1,0.47,2020-12-01T00:00:00,month
8115347,37,2,9,1,4.15,2020-12-01T00:00:00,month
8112065,37,4,11,1,0.38,2022-01-01T00:00:00,month
8112066,37,4,9,1,0.39,2022-01-01T00:00:00,month
8112067,37,4,10,1,0.31,2022-01-01T00:00:00,month
8112356,37,3,10,1,1.49,2022-01-01T00:00:00,month
8112357,37,3,3,1,0.44,2022-01-01T00:00:00,month
8112364,37,4,4,1,0.1,2022-01-01T00:00:00,month
8112365,37,4,2,1,0.01,2022-01-01T00:00:00,month
8112366,37,4,3,1,,2022-01-01T00:00:00,month
8112367,37,4,7,1,0.06,2022-01-01T00:00:00,month
8112368,37,4,6,1,0.26,2022-01-01T00:00:00,month
8112369,37,4,5,1,0.14,2022-01-01T00:00:00,month
8112370,37,4,1,1,0.01,2022-01-01T00:00:00,month
8112617,37,2,4,1,2.75,2021-04-01T00:00:00,month
8112619,37,2,5,1,3.18,2021-04-01T00:00:00,month
8112620,37,2,11,1,4.2,2021-04-01T00:00:00,month
8112621,37,2,3,1,2.35,2021-04-01T00:00:00,month
8112623,37,2,7,1,3.22,2021-04-01T00:00:00,month
8112625,37,2,6,1,3.47,2021-04-01T00:00:00,month
8112626,37,2,10,1,4.71,2021-04-01T00:00:00,month
8112627,37,2,8,1,3.25,2021-04-01T00:00:00,month
8112629,37,2,2,1,2.43,2021-04-01T00:00:00,month
8112630,37,2,1,1,2.52,2021-04-01T00:00:00,month
8112633,37,2,9,1,4.18,2021-04-01T00:00:00,month
8112946,37,2,9,1,7.05,2019-03-01T00:00:00,month
8112949,37,2,8,1,6.24,2019-03-01T00:00:00,month
8113171,37,2,9,1,7.43,2022-01-01T00:00:00,month
8113606,37,3,2,1,0.86,2018-10-01T00:00:00,month
8113607,37,3,6,1,2.16,2018-10-01T00:00:00,month
8113608,37,3,8,1,1.84,2018-10-01T00:00:00,month
8113610,37,3,1,1,0.66,2018-10-01T00:00:00,month
8113611,37,3,5,1,1.08,2018-10-01T00:00:00,month
8113645,37,3,11,1,2.6,2018-10-01T00:00:00,month
8113648,37,3,7,1,1.78,2018-10-01T00:00:00,month
8113650,37,3,4,1,0.46,2018-10-01T00:00:00,month
8113651,37,3,9,1,2.57,2018-10-01T00:00:00,month
8113653,37,3,3,1,0.95,2018-10-01T00:00:00,month
8113654,37,3,10,1,2.83,2018-10-01T00:00:00,month
8114468,37,2,2,1,4.57,2019-03-01T00:00:00,month
8114469,37,2,10,1,5.9,2019-03-01T00:00:00,month
8114470,37,2,6,1,6.43,2019-03-01T00:00:00,month
8114471,37,2,1,1,4.32,2019-03-01T00:00:00,month
8114472,37,2,5,1,6.61,2019-03-01T00:00:00,month
8114474,37,2,7,1,6.15,2019-03-01T00:00:00,month
8114476,37,2,3,1,4.77,2019-03-01T00:00:00,month
8114477,37,2,11,1,7.02,2019-03-01T00:00:00,month
8114479,37,2,4,1,5.38,2019-03-01T00:00:00,month
8115026,37,3,2,1,0.72,2019-07-01T00:00:00,month
8115027,37,3,6,1,1.78,2019-07-01T00:00:00,month
8115028,37,3,8,1,1.51,2019-07-01T00:00:00,month
8115173,37,3,1,1,0.47,2019-07-01T00:00:00,month
8115174,37,3,5,1,1.43,2019-07-01T00:00:00,month
8115178,37,3,11,1,2.29,2019-07-01T00:00:00,month
8115181,37,3,7,1,1.46,2019-07-01T00:00:00,month
8115183,37,3,4,1,0.67,2019-07-01T00:00:00,month
8115184,37,3,9,1,2.28,2019-07-01T00:00:00,month
8115186,37,3,3,1,0.85,2019-07-01T00:00:00,month
8115187,37,3,10,1,2.45,2019-07-01T00:00:00,month
8115301,37,4,3,1,0.22,2018-10-01T00:00:00,month
8115302,37,4,4,1,0.28,2018-10-01T00:00:00,month
8115304,37,4,1,1,0.08,2018-10-01T00:00:00,month
8115305,37,4,2,1,0.11,2018-10-01T00:00:00,month
8115306,37,4,6,1,0.33,2018-10-01T00:00:00,month
8115307,37,4,7,1,0.29,2018-10-01T00:00:00,month
8115308,37,4,5,1,0.34,2018-10-01T00:00:00,month
8115566,37,2,4,1,4.43,2022-01-01T00:00:00,month
8115568,37,2,5,1,4.73,2022-01-01T00:00:00,month
8115569,37,2,11,1,7.44,2022-01-01T00:00:00,month
8115570,37,2,3,1,6.87,2022-01-01T00:00:00,month
8115572,37,2,7,1,5.12,2022-01-01T00:00:00,month
8115574,37,2,1,1,5.94,2022-01-01T00:00:00,month
8115575,37,2,6,1,5.05,2022-01-01T00:00:00,month
8115576,37,2,2,1,6.31,2022-01-01T00:00:00,month
8115577,37,2,10,1,7.68,2022-01-01T00:00:00,month
8115578,37,2,8,1,5.05,2022-01-01T00:00:00,month
8116204,37,2,9,1,8.95,2016-04-01T00:00:00,month
8116207,37,2,8,1,7.71,2016-04-01T00:00:00,month
8116208,37,2,10,1,5.76,2016-04-01T00:00:00,month
8116209,37,2,2,1,3.83,2016-04-01T00:00:00,month
8116210,37,2,6,1,8.54,2016-04-01T00:00:00,month
8116682,37,4,5,1,0.1,2021-09-01T00:00:00,month
8116683,37,4,1,1,0.01,2021-09-01T00:00:00,month
8116684,37,4,6,1,0.23,2021-09-01T00:00:00,month
8116685,37,4,7,1,0.02,2021-09-01T00:00:00,month
8117002,37,3,3,1,0.44,2021-09-01T00:00:00,month
8117004,37,3,9,1,0.89,2021-09-01T00:00:00,month
8117006,37,3,4,1,0.38,2021-09-01T00:00:00,month
8117007,37,3,11,1,0.89,2021-09-01T00:00:00,month
8117011,37,3,7,1,0.4,2021-09-01T00:00:00,month
8117014,37,3,5,1,0.31,2021-09-01T00:00:00,month
8117015,37,3,1,1,0.11,2021-09-01T00:00:00,month
8117017,37,3,6,1,0.42,2021-09-01T00:00:00,month
8117148,37,4,3,1,,2021-09-01T00:00:00,month
8117149,37,4,2,1,0.01,2021-09-01T00:00:00,month
8117150,37,4,4,1,0.1,2021-09-01T00:00:00,month
8117157,37,4,10,1,0.45,2021-09-01T00:00:00,month
8117158,37,4,9,1,0.34,2021-09-01T00:00:00,month
8117159,37,4,11,1,0.37,2021-09-01T00:00:00,month
8117162,37,4,8,1,0.21,2021-09-01T00:00:00,month
8117834,37,2,2,1,2.72,2020-07-01T00:00:00,month
8117835,37,2,6,1,4.24,2020-07-01T00:00:00,month
8117836,37,2,1,1,2.29,2020-07-01T00:00:00,month
8117840,37,2,3,1,3.04,2020-07-01T00:00:00,month
8117841,37,2,11,1,4.74,2020-07-01T00:00:00,month
8117842,37,2,1,1,3.2,2016-04-01T00:00:00,month
8117846,37,2,3,1,8.1,2016-04-01T00:00:00,month
8117847,37,2,11,1,8.86,2016-04-01T00:00:00,month
8117848,37,2,7,1,7.46,2016-04-01T00:00:00,month
8117850,37,2,4,1,7.13,2016-04-01T00:00:00,month
8117852,37,2,5,1,6.57,2016-04-01T00:00:00,month
8118505,37,4,6,1,0.26,2020-07-01T00:00:00,month
8118506,37,4,2,1,0.01,2020-07-01T00:00:00,month
8118507,37,4,4,1,0.1,2020-07-01T00:00:00,month
8118508,37,4,1,1,0.01,2020-07-01T00:00:00,month
8118737,37,4,10,1,0.28,2020-07-01T00:00:00,month
8118738,37,4,9,1,0.41,2020-07-01T00:00:00,month
8118739,37,4,11,1,0.38,2020-07-01T00:00:00,month
8113836,37,2,10,1,6.18,2021-09-01T00:00:00,month
8113837,37,2,6,1,4.24,2021-09-01T00:00:00,month
8113839,37,2,7,1,3.86,2021-09-01T00:00:00,month
8113841,37,2,3,1,3.22,2021-09-01T00:00:00,month
8113842,37,2,11,1,5.8,2021-09-01T00:00:00,month
8113843,37,2,5,1,3.41,2021-09-01T00:00:00,month
8113845,37,2,4,1,3.1,2021-09-01T00:00:00,month
8114215,37,2,1,1,2.66,2017-10-01T00:00:00,month
8114216,37,2,6,1,6.05,2017-10-01T00:00:00,month
8114217,37,2,2,1,3.6,2017-10-01T00:00:00,month
8114218,37,2,10,1,5.33,2017-10-01T00:00:00,month
8114219,37,2,8,1,5.44,2017-10-01T00:00:00,month
8114222,37,2,9,1,6.83,2017-10-01T00:00:00,month
8114501,37,2,9,1,4.74,2020-07-01T00:00:00,month
8114504,37,2,8,1,4.0,2020-07-01T00:00:00,month
8114505,37,2,10,1,4.87,2020-07-01T00:00:00,month
8114880,37,3,11,1,1.26,2017-10-01T00:00:00,month
8114881,37,3,7,1,0.66,2017-10-01T00:00:00,month
8114885,37,3,3,1,0.48,2017-10-01T00:00:00,month
8115014,37,4,5,1,0.18,2020-07-01T00:00:00,month
8115015,37,4,3,1,,2020-07-01T00:00:00,month
8115016,37,4,7,1,0.09,2020-07-01T00:00:00,month
8115030,37,3,4,1,0.31,2017-10-01T00:00:00,month
8115032,37,3,9,1,1.25,2017-10-01T00:00:00,month
8115033,37,3,10,1,1.71,2017-10-01T00:00:00,month
8115054,37,4,9,1,3.39,2014-11-01T00:00:00,month
8115055,37,4,11,1,3.34,2014-11-01T00:00:00,month
8115058,37,4,8,1,1.98,2014-11-01T00:00:00,month
8115402,37,4,8,1,0.43,2017-10-01T00:00:00,month
8115405,37,4,11,1,0.68,2017-10-01T00:00:00,month
8115406,37,4,9,1,0.68,2017-10-01T00:00:00,month
8115407,37,4,10,1,0.7,2017-10-01T00:00:00,month
8114430,37,4,7,1,1.33,2025-07-01T00:00:00,month
8114431,37,4,5,1,0.8,2025-07-01T00:00:00,month
8114643,37,3,2,1,0.16,2016-08-01T00:00:00,month
8114644,37,3,8,1,0.97,2016-08-01T00:00:00,month
8114645,37,3,6,1,1.25,2016-08-01T00:00:00,month
8114647,37,3,1,1,0.09,2016-08-01T00:00:00,month
8114648,37,3,5,1,0.62,2016-08-01T00:00:00,month
8114652,37,3,11,1,1.94,2016-08-01T00:00:00,month
8115363,37,4,8,1,0.66,2016-08-01T00:00:00,month
8115366,37,4,11,1,0.89,2016-08-01T00:00:00,month
8115367,37,4,9,1,0.89,2016-08-01T00:00:00,month
8115368,37,4,10,1,0.74,2016-08-01T00:00:00,month
8115375,37,4,1,1,0.06,2016-08-01T00:00:00,month
8115376,37,4,4,1,0.32,2016-08-01T00:00:00,month
8115377,37,4,2,1,0.26,2016-08-01T00:00:00,month
8115378,37,4,6,1,0.94,2016-08-01T00:00:00,month
8115335,37,2,7,1,3.18,2020-09-01T00:00:00,month
8115337,37,2,5,1,3.08,2020-09-01T00:00:00,month
8115338,37,2,1,1,2.62,2020-09-01T00:00:00,month
8115339,37,2,6,1,3.56,2020-09-01T00:00:00,month
8115340,37,2,10,1,4.29,2020-09-01T00:00:00,month
8115341,37,2,2,1,2.57,2020-09-01T00:00:00,month
8115343,37,2,8,1,3.24,2020-09-01T00:00:00,month
8115346,37,2,9,1,4.06,2020-09-01T00:00:00,month
8111573,37,4,7,1,0.17,2018-03-01T00:00:00,month
8111574,37,4,6,1,0.31,2018-03-01T00:00:00,month
8111575,37,4,2,1,0.06,2018-03-01T00:00:00,month
8111576,37,4,4,1,0.18,2018-03-01T00:00:00,month
8111577,37,4,1,1,0.05,2018-03-01T00:00:00,month
8111584,37,4,10,1,0.53,2018-03-01T00:00:00,month
8111585,37,4,9,1,0.59,2018-03-01T00:00:00,month
8111586,37,4,11,1,0.58,2018-03-01T00:00:00,month
8111589,37,4,8,1,0.29,2018-03-01T00:00:00,month
8112182,37,3,10,1,,2026-07-01T00:00:00,month
8112183,37,3,3,1,,2026-07-01T00:00:00,month
8112185,37,3,9,1,2.32,2026-07-01T00:00:00,month
8112186,37,3,4,1,1.12,2026-07-01T00:00:00,month
8112187,37,3,11,1,2.32,2026-07-01T00:00:00,month
8112190,37,3,7,1,4.04,2026-07-01T00:00:00,month
8112194,37,3,5,1,4.27,2026-07-01T00:00:00,month
8112196,37,3,6,1,3.77,2026-07-01T00:00:00,month
8112197,37,3,1,1,0.01,2026-07-01T00:00:00,month
8112198,37,3,8,1,4.05,2026-07-01T00:00:00,month
8112199,37,3,2,1,0.01,2026-07-01T00:00:00,month
8113747,37,3,11,1,1.26,2022-06-01T00:00:00,month
8113748,37,3,4,1,0.43,2022-06-01T00:00:00,month
8113750,37,3,9,1,1.33,2022-06-01T00:00:00,month
8113751,37,3,10,1,1.15,2022-06-01T00:00:00,month
8113752,37,3,3,1,0.16,2022-06-01T00:00:00,month
8113820,37,2,4,1,8.38,2022-06-01T00:00:00,month
8113822,37,2,5,1,9.81,2022-06-01T00:00:00,month
8113823,37,2,11,1,8.2,2022-06-01T00:00:00,month
8113824,37,2,3,1,8.29,2022-06-01T00:00:00,month
8113826,37,2,7,1,7.99,2022-06-01T00:00:00,month
8113828,37,2,1,1,4.23,2022-06-01T00:00:00,month
8114223,37,2,9,1,6.41,2018-03-01T00:00:00,month
8114226,37,2,8,1,5.57,2018-03-01T00:00:00,month
8114227,37,2,10,1,5.32,2018-03-01T00:00:00,month
8114228,37,2,2,1,3.36,2018-03-01T00:00:00,month
8114229,37,2,6,1,5.57,2018-03-01T00:00:00,month
8114230,37,2,1,1,2.76,2018-03-01T00:00:00,month
8114234,37,2,3,1,5.11,2018-03-01T00:00:00,month
8114235,37,2,11,1,6.37,2018-03-01T00:00:00,month
8114236,37,2,7,1,5.42,2018-03-01T00:00:00,month
8114237,37,2,5,1,5.83,2018-03-01T00:00:00,month
8114239,37,2,4,1,5.02,2018-03-01T00:00:00,month
8114515,37,2,6,1,6.05,2022-06-01T00:00:00,month
8114516,37,2,2,1,7.59,2022-06-01T00:00:00,month
8114517,37,2,10,1,8.45,2022-06-01T00:00:00,month
8114518,37,2,8,1,8.06,2022-06-01T00:00:00,month
8114521,37,2,9,1,8.19,2022-06-01T00:00:00,month
8114827,37,3,10,1,2.08,2018-05-01T00:00:00,month
8114828,37,3,9,1,1.5,2018-05-01T00:00:00,month
8114829,37,3,4,1,0.31,2018-05-01T00:00:00,month
8114830,37,3,3,1,0.97,2018-05-01T00:00:00,month
8114833,37,3,7,1,0.83,2018-05-01T00:00:00,month
8115034,37,3,10,1,2.06,2018-03-01T00:00:00,month
8115035,37,3,9,1,1.59,2018-03-01T00:00:00,month
8115037,37,3,4,1,0.26,2018-03-01T00:00:00,month
8115038,37,3,3,1,0.6,2018-03-01T00:00:00,month
8115042,37,3,7,1,0.72,2018-03-01T00:00:00,month
8115043,37,3,11,1,1.62,2018-03-01T00:00:00,month
8115047,37,3,5,1,0.47,2018-03-01T00:00:00,month
8115048,37,3,1,1,0.17,2018-03-01T00:00:00,month
8115050,37,3,6,1,1.02,2018-03-01T00:00:00,month
8115051,37,3,8,1,0.77,2018-03-01T00:00:00,month
8115052,37,3,2,1,0.48,2018-03-01T00:00:00,month
8115278,37,4,1,1,0.01,2026-07-01T00:00:00,month
8115280,37,4,5,1,0.66,2026-07-01T00:00:00,month
8115281,37,4,6,1,1.39,2026-07-01T00:00:00,month
8115283,37,4,7,1,1.36,2026-07-01T00:00:00,month
8115284,37,4,3,1,,2026-07-01T00:00:00,month
8115285,37,4,2,1,0.01,2026-07-01T00:00:00,month
8115286,37,4,4,1,,2026-07-01T00:00:00,month
8115290,37,4,11,1,1.3,2026-07-01T00:00:00,month
8115293,37,4,10,1,,2026-07-01T00:00:00,month
8115294,37,4,9,1,1.3,2026-07-01T00:00:00,month
8115296,37,4,8,1,1.38,2026-07-01T00:00:00,month
8115102,37,2,1,1,3.38,2023-08-01T00:00:00,month
8115105,37,2,9,1,7.45,2023-08-01T00:00:00,month
8115164,37,2,4,1,17.17,2024-10-01T00:00:00,month
8115166,37,2,11,1,17.79,2024-10-01T00:00:00,month
8115167,37,2,3,1,15.72,2024-10-01T00:00:00,month
8115169,37,2,7,1,17.42,2024-10-01T00:00:00,month
8115171,37,2,1,1,8.31,2024-10-01T00:00:00,month
8115172,37,2,6,1,17.89,2024-10-01T00:00:00,month
8115318,37,2,2,1,13.15,2024-10-01T00:00:00,month
8115319,37,2,10,1,12.42,2024-10-01T00:00:00,month
8115320,37,2,8,1,17.59,2024-10-01T00:00:00,month
8115513,37,3,11,1,1.38,2023-08-01T00:00:00,month
8115514,37,3,4,1,1.0,2023-08-01T00:00:00,month
8115517,37,3,9,1,1.38,2023-08-01T00:00:00,month
8115519,37,3,3,1,0.92,2023-08-01T00:00:00,month
8115520,37,3,10,1,,2023-08-01T00:00:00,month
8111095,37,4,5,1,0.19,2017-08-01T00:00:00,month
8111280,37,2,5,1,3.82,2021-11-01T00:00:00,month
8111282,37,2,4,1,3.51,2021-11-01T00:00:00,month
8111284,37,2,7,1,4.33,2021-11-01T00:00:00,month
8111285,37,2,11,1,6.07,2021-11-01T00:00:00,month
8112292,37,3,10,1,,2025-12-01T00:00:00,month
8112293,37,3,3,1,,2025-12-01T00:00:00,month
8112295,37,3,9,1,1.23,2025-12-01T00:00:00,month
8112298,37,3,4,1,1.81,2025-12-01T00:00:00,month
8112299,37,3,11,1,1.23,2025-12-01T00:00:00,month
8112343,37,3,2,1,0.01,2023-01-01T00:00:00,month
8112344,37,3,8,1,0.91,2023-01-01T00:00:00,month
8112345,37,3,6,1,0.82,2023-01-01T00:00:00,month
8112347,37,3,1,1,0.01,2023-01-01T00:00:00,month
8112348,37,3,5,1,0.95,2023-01-01T00:00:00,month
8112352,37,3,7,1,0.89,2023-01-01T00:00:00,month
8112355,37,3,11,1,0.73,2023-01-01T00:00:00,month
8112665,37,2,9,1,6.87,2017-08-01T00:00:00,month
8112666,37,2,2,1,3.53,2017-08-01T00:00:00,month
8112727,37,4,8,1,1.61,2014-09-01T00:00:00,month
8112730,37,4,11,1,2.57,2014-09-01T00:00:00,month
8112731,37,4,9,1,2.59,2014-09-01T00:00:00,month
8112732,37,4,10,1,2.28,2014-09-01T00:00:00,month
8112739,37,4,1,1,0.24,2014-09-01T00:00:00,month
8112740,37,4,4,1,0.84,2014-09-01T00:00:00,month
8112983,37,3,2,1,0.28,2017-08-01T00:00:00,month
8112984,37,3,8,1,0.76,2017-08-01T00:00:00,month
8112985,37,3,6,1,1.03,2017-08-01T00:00:00,month
8112987,37,3,1,1,0.14,2017-08-01T00:00:00,month
8112988,37,3,5,1,0.45,2017-08-01T00:00:00,month
8113345,37,3,4,1,0.68,2023-01-01T00:00:00,month
8113346,37,3,9,1,0.73,2023-01-01T00:00:00,month
8113348,37,3,3,1,0.49,2023-01-01T00:00:00,month
8113349,37,3,10,1,,2023-01-01T00:00:00,month
8113615,37,3,5,1,0.96,2025-12-01T00:00:00,month
8113616,37,3,7,1,1.05,2025-12-01T00:00:00,month
8113620,37,3,6,1,0.8,2025-12-01T00:00:00,month
8113621,37,3,1,1,0.01,2025-12-01T00:00:00,month
8113622,37,3,8,1,1.06,2025-12-01T00:00:00,month
8113623,37,3,2,1,0.01,2025-12-01T00:00:00,month
8114153,37,2,3,1,3.53,2021-11-01T00:00:00,month
8114157,37,2,1,1,4.29,2021-11-01T00:00:00,month
8114158,37,2,6,1,4.67,2021-11-01T00:00:00,month
8114159,37,2,2,1,3.99,2021-11-01T00:00:00,month
8114160,37,2,10,1,6.15,2021-11-01T00:00:00,month
8114161,37,2,8,1,4.34,2021-11-01T00:00:00,month
8114164,37,2,9,1,6.06,2021-11-01T00:00:00,month
8114319,37,4,2,1,0.28,2014-09-01T00:00:00,month
8114320,37,4,6,1,2.18,2014-09-01T00:00:00,month
8114321,37,4,7,1,1.39,2014-09-01T00:00:00,month
8114322,37,4,3,1,0.78,2014-09-01T00:00:00,month
8114323,37,4,5,1,1.34,2014-09-01T00:00:00,month
8114382,37,2,4,1,5.23,2014-09-01T00:00:00,month
8114508,37,2,4,1,5.4,2023-01-01T00:00:00,month
8114510,37,2,11,1,7.28,2023-01-01T00:00:00,month
8114511,37,2,3,1,3.22,2023-01-01T00:00:00,month
8114513,37,2,7,1,5.38,2023-01-01T00:00:00,month
8114528,37,2,5,1,5.88,2014-09-01T00:00:00,month
8114529,37,2,7,1,5.63,2014-09-01T00:00:00,month
8114530,37,2,11,1,7.89,2014-09-01T00:00:00,month
8114531,37,2,3,1,6.34,2014-09-01T00:00:00,month
8114535,37,2,6,1,7.37,2014-09-01T00:00:00,month
8114536,37,2,1,1,1.69,2014-09-01T00:00:00,month
8114537,37,2,2,1,2.07,2014-09-01T00:00:00,month
8114538,37,2,10,1,6.95,2014-09-01T00:00:00,month
8114539,37,2,8,1,6.19,2014-09-01T00:00:00,month
8114542,37,2,9,1,7.95,2014-09-01T00:00:00,month
8114612,37,3,2,1,0.26,2014-09-01T00:00:00,month
8114613,37,3,8,1,2.06,2014-09-01T00:00:00,month
8114614,37,3,6,1,2.51,2014-09-01T00:00:00,month
8114618,37,3,11,1,1.17,2017-08-01T00:00:00,month
8114620,37,3,7,1,0.66,2017-08-01T00:00:00,month
8114623,37,3,3,1,0.5,2017-08-01T00:00:00,month
8114624,37,3,4,1,0.23,2017-08-01T00:00:00,month
8115770,37,2,8,1,5.42,2023-03-01T00:00:00,month
8115772,37,2,2,1,4.03,2023-03-01T00:00:00,month
8115773,37,2,10,1,7.4,2023-03-01T00:00:00,month
8115774,37,2,6,1,6.06,2023-03-01T00:00:00,month
8115775,37,2,1,1,3.59,2023-03-01T00:00:00,month
8115776,37,2,5,1,5.08,2023-03-01T00:00:00,month
8115778,37,2,7,1,5.36,2023-03-01T00:00:00,month
8115780,37,2,3,1,4.38,2023-03-01T00:00:00,month
8115781,37,2,11,1,7.06,2023-03-01T00:00:00,month
8115783,37,2,4,1,5.01,2023-03-01T00:00:00,month
8117470,37,4,1,1,0.01,2023-03-01T00:00:00,month
8117472,37,4,5,1,0.25,2023-03-01T00:00:00,month
8117473,37,4,6,1,0.8,2023-03-01T00:00:00,month
8117475,37,4,7,1,0.27,2023-03-01T00:00:00,month
8117476,37,4,3,1,,2023-03-01T00:00:00,month
8117477,37,4,2,1,0.01,2023-03-01T00:00:00,month
8117478,37,4,4,1,,2023-03-01T00:00:00,month
8117482,37,4,11,1,0.92,2023-03-01T00:00:00,month
8117485,37,4,10,1,,2023-03-01T00:00:00,month
8117486,37,4,9,1,0.92,2023-03-01T00:00:00,month
8117488,37,4,8,1,0.29,2023-03-01T00:00:00,month
8117693,37,2,4,1,5.14,2017-07-01T00:00:00,month
8117695,37,2,5,1,6.04,2017-07-01T00:00:00,month
8117696,37,2,7,1,5.7,2017-07-01T00:00:00,month
8117697,37,2,11,1,6.73,2017-07-01T00:00:00,month
8117698,37,2,3,1,6.45,2017-07-01T00:00:00,month
8117702,37,2,6,1,5.98,2017-07-01T00:00:00,month
8117820,37,2,4,1,5.14,2019-01-01T00:00:00,month
8118057,37,4,8,1,1.38,2024-09-01T00:00:00,month
8118059,37,4,9,1,1.51,2024-09-01T00:00:00,month
8118060,37,4,10,1,,2024-09-01T00:00:00,month
8118207,37,3,1,1,0.71,2019-01-01T00:00:00,month
8118208,37,3,5,1,1.92,2019-01-01T00:00:00,month
8118212,37,3,7,1,2.57,2019-01-01T00:00:00,month
8118215,37,3,11,1,3.34,2019-01-01T00:00:00,month
8118216,37,3,4,1,1.03,2019-01-01T00:00:00,month
8118217,37,3,9,1,3.32,2019-01-01T00:00:00,month
8118276,37,4,11,1,1.51,2024-09-01T00:00:00,month
8118280,37,4,4,1,,2024-09-01T00:00:00,month
8118281,37,4,2,1,0.01,2024-09-01T00:00:00,month
8118282,37,4,3,1,,2024-09-01T00:00:00,month
8118283,37,4,7,1,0.69,2024-09-01T00:00:00,month
8118285,37,4,6,1,2.0,2024-09-01T00:00:00,month
8118286,37,4,5,1,0.94,2024-09-01T00:00:00,month
8118288,37,4,1,1,0.01,2024-09-01T00:00:00,month
8118293,37,3,3,1,0.96,2019-01-01T00:00:00,month
8118294,37,3,10,1,3.66,2019-01-01T00:00:00,month
8118495,37,4,9,1,0.53,2019-01-01T00:00:00,month
8118496,37,4,10,1,0.62,2019-01-01T00:00:00,month
8118503,37,4,4,1,0.37,2019-01-01T00:00:00,month
8118504,37,4,2,1,0.22,2019-01-01T00:00:00,month
8118730,37,2,9,1,7.05,2023-03-01T00:00:00,month
8110698,37,3,3,1,0.51,2017-07-01T00:00:00,month
8110699,37,3,4,1,0.29,2017-07-01T00:00:00,month
8110916,37,3,9,1,1.22,2017-07-01T00:00:00,month
8110917,37,3,10,1,1.77,2017-07-01T00:00:00,month
8111081,37,4,8,1,0.52,2017-07-01T00:00:00,month
8111084,37,4,11,1,0.58,2017-07-01T00:00:00,month
8111085,37,4,9,1,0.58,2017-07-01T00:00:00,month
8111086,37,4,10,1,0.6,2017-07-01T00:00:00,month
8111192,37,4,3,1,0.34,2019-01-01T00:00:00,month
8111193,37,4,7,1,0.38,2019-01-01T00:00:00,month
8111194,37,4,6,1,0.4,2019-01-01T00:00:00,month
8111195,37,4,5,1,0.49,2019-01-01T00:00:00,month
8111196,37,4,1,1,0.16,2019-01-01T00:00:00,month
8112572,37,2,11,1,6.83,2019-01-01T00:00:00,month
8112927,37,2,2,1,3.66,2017-07-01T00:00:00,month
8112928,37,2,10,1,7.07,2017-07-01T00:00:00,month
8112929,37,2,8,1,5.88,2017-07-01T00:00:00,month
8112930,37,2,1,1,2.55,2017-07-01T00:00:00,month
8112932,37,2,3,1,4.7,2019-01-01T00:00:00,month
8112934,37,2,7,1,5.62,2019-01-01T00:00:00,month
8112936,37,2,5,1,5.83,2019-01-01T00:00:00,month
8112937,37,2,1,1,5.35,2019-01-01T00:00:00,month
8112938,37,2,6,1,5.8,2019-01-01T00:00:00,month
8112939,37,2,10,1,5.84,2019-01-01T00:00:00,month
8112940,37,2,2,1,5.09,2019-01-01T00:00:00,month
8112942,37,2,8,1,5.64,2019-01-01T00:00:00,month
8112945,37,2,9,1,6.87,2019-01-01T00:00:00,month
8113005,37,2,9,1,6.73,2017-07-01T00:00:00,month
8113352,37,3,10,1,,2023-03-01T00:00:00,month
8113353,37,3,3,1,0.49,2023-03-01T00:00:00,month
8113355,37,3,9,1,0.85,2023-03-01T00:00:00,month
8113356,37,3,4,1,0.64,2023-03-01T00:00:00,month
8113357,37,3,11,1,0.85,2023-03-01T00:00:00,month
8113360,37,3,7,1,0.36,2023-03-01T00:00:00,month
8113364,37,3,5,1,0.3,2023-03-01T00:00:00,month
8113734,37,3,6,1,1.02,2023-03-01T00:00:00,month
8113735,37,3,1,1,0.01,2023-03-01T00:00:00,month
8113736,37,3,8,1,0.38,2023-03-01T00:00:00,month
8113737,37,3,2,1,0.01,2023-03-01T00:00:00,month
8114116,37,3,2,1,0.01,2024-09-01T00:00:00,month
8114664,37,3,2,1,0.28,2017-07-01T00:00:00,month
8114665,37,3,8,1,0.81,2017-07-01T00:00:00,month
8114666,37,3,6,1,1.05,2017-07-01T00:00:00,month
8114668,37,3,1,1,0.09,2017-07-01T00:00:00,month
8114669,37,3,5,1,0.53,2017-07-01T00:00:00,month
8114816,37,3,11,1,1.24,2017-07-01T00:00:00,month
8114817,37,3,7,1,0.71,2017-07-01T00:00:00,month
8114875,37,3,2,1,0.86,2019-01-01T00:00:00,month
8114876,37,3,8,1,2.65,2019-01-01T00:00:00,month
8114877,37,3,6,1,2.98,2019-01-01T00:00:00,month
8115130,37,2,4,1,16.68,2024-09-01T00:00:00,month
8115132,37,2,11,1,16.93,2024-09-01T00:00:00,month
8115133,37,2,3,1,17.35,2024-09-01T00:00:00,month
8115135,37,2,7,1,16.6,2024-09-01T00:00:00,month
8115137,37,2,5,1,16.41,2024-09-01T00:00:00,month
8115138,37,2,1,1,7.43,2024-09-01T00:00:00,month
8115139,37,2,6,1,16.98,2024-09-01T00:00:00,month
8115140,37,2,10,1,10.33,2024-09-01T00:00:00,month
8115141,37,2,2,1,11.26,2024-09-01T00:00:00,month
8115143,37,2,8,1,16.76,2024-09-01T00:00:00,month
8115146,37,2,9,1,17.47,2024-09-01T00:00:00,month
8115412,37,4,1,1,0.04,2017-07-01T00:00:00,month
8115413,37,4,4,1,0.32,2017-07-01T00:00:00,month
8115414,37,4,2,1,0.04,2017-07-01T00:00:00,month
8115415,37,4,6,1,0.54,2017-07-01T00:00:00,month
8115416,37,4,7,1,0.37,2017-07-01T00:00:00,month
8115417,37,4,3,1,0.16,2017-07-01T00:00:00,month
8115418,37,4,5,1,0.33,2017-07-01T00:00:00,month
8115463,37,4,8,1,0.41,2019-01-01T00:00:00,month
8115466,37,4,11,1,0.57,2019-01-01T00:00:00,month
8115539,37,3,8,1,0.82,2024-09-01T00:00:00,month
8115540,37,3,1,1,0.01,2024-09-01T00:00:00,month
8115541,37,3,6,1,0.61,2024-09-01T00:00:00,month
8115543,37,3,5,1,1.61,2024-09-01T00:00:00,month
8115547,37,3,7,1,0.78,2024-09-01T00:00:00,month
8115588,37,3,11,1,1.76,2024-09-01T00:00:00,month
8115589,37,3,4,1,2.97,2024-09-01T00:00:00,month
8115590,37,3,9,1,1.76,2024-09-01T00:00:00,month
8115592,37,3,3,1,,2024-09-01T00:00:00,month
8115593,37,3,10,1,,2024-09-01T00:00:00,month
